codigo,aplicacion,instancia,ambienteSV,nombreSVHost,nombreSVOVM,ipV4
Por validar,AUDITORA,N/A,PREPRODUCCIÓN,PSNMVBOGAUDITORA-1,PSNMVBOGAUDITORA-1,172.29.33.144
SI104,SEDE ELECTRÓNICA,N/A,PREPRODUCCIÓN,VSPPAPOODI01,VSPPAPOODI01,172.30.164.40
SI104,SEDE ELECTRÓNICA,N/A,PREPRODUCCIÓN,VSPPAPOODI02,VSPPAPOODI02,172.30.164.41
SI104,SEDE ELECTRÓNICA,N/A,PREPRODUCCIÓN,VSPPAPOSOA01,VSPPAPOSOA01,172.30.164.38
SI104,SEDE ELECTRÓNICA,N/A,PREPRODUCCIÓN,VSPPAPOSOA02,VSPPAPOSOA02,172.30.164.39
SI104,SEDE ELECTRÓNICA,N/A,PREPRODUCCIÓN,VSPPBDOODI01,VSPPBDOODI01,172.31.4.154
SI104,SEDE ELECTRÓNICA,N/A,PREPRODUCCIÓN,VSPPBDOSOA01,VSPPBDOSOA01,172.31.4.153
SI104,SEDE ELECTRÓNICA,N/A,PRODUCCIÓN,VSGSEFRONAAPP01,VSGSEFRONAAPP01,172.29.19.84
SI104,SEDE ELECTRÓNICA,N/A,PRODUCCIÓN,VSGSEFRONAAPP02,VSGSEFRONAAPP02,172.29.19.85
SI104,SEDE ELECTRÓNICA,N/A,PRODUCCIÓN,VSGSEPENTHAAPP02,VSGSEPENTHAAPP02,172.29.19.17
SI104,SEDE ELECTRÓNICA,N/A,PRODUCCIÓN,VSGSETOMAPP02,VSGSETOMAPP02,172.29.19.23
SI104,SEDE ELECTRÓNICA,N/A,PRODUCCIÓN,VSPDAPOSOA01,VSPDAPOSOA01,172.30.163.45
SI104,SEDE ELECTRÓNICA,N/A,PRODUCCIÓN,VSPDBDOSOA01,VSPDBDOSOA01,172.31.4.42
SI031,SISTEMA DE INFORMACIÓN OPTIMIZADO PARA LA FORMACIÓN INTEGRAL Y EL APRENDIZAJE ACTIVO (SOFIA PLUS),N/A,PRODUCCIÓN,SFSOFNFS01,N/A,172.29.18.121
SI104,SEDE ELECTRÓNICA,N/A,PRODUCCIÓN,VSGSEIISAPP02,VSGSEIISAPP02,172.29.19.19
SI148 -1,"SISTEMA DE INFORMACIÓN DE RECAUDO, CARTERA Y COBRO COACTIVO (SIREC)",N/A,PREPRODUCCIÓN,VSPPAPSIREC02,VSPPAPSIREC02,172.30.164.45
HT001,AD CONNECT O365 ACTIVE DIRECTORY,N/A,PRODUCCIÓN,VSPDADCNT01,VSPDADCNT01,172.30.163.176
SI001,APORTES CERTIAPORTES,N/A,PRODUCCIÓN,sc0102d2z04,N/A,172.29.10.134
SI180,AUTOMATION ANYWHERE,N/A,PRODUCCIÓN,VSPDAPRPABT01,VSPDAPRPABT01,172.30.163.103
SI180,AUTOMATION ANYWHERE,N/A,PREPRODUCCIÓN,VSPPAPRPABT04,VSPPAPRPABT04,172.30.164.104
SI180,AUTOMATION ANYWHERE,N/A,PRODUCCIÓN,VSPDAPRPABT02,VSPDAPRPABT02,172.30.163.104
SI180,AUTOMATION ANYWHERE,N/A,PRODUCCIÓN,VSPDAPRPABT04,VSPDAPRPABT04,172.30.163.106
SI180,AUTOMATION ANYWHERE,N/A,PREPRODUCCIÓN,VSPPAPRPABT01,VSPPAPRPABT01,172.30.164.101
SI180,AUTOMATION ANYWHERE,N/A,PREPRODUCCIÓN,VSPPAPBOT02,VSPPAPBOT02,172.30.164.16
SI180,AUTOMATION ANYWHERE,N/A,PREPRODUCCIÓN,VSPPAPBOT03,VSPPAPBOT03,172.30.164.20
SI180,AUTOMATION ANYWHERE,N/A,PREPRODUCCIÓN,VSPPBDBOT01,VSPPBDBOT01,172.31.4.142
SI180,AUTOMATION ANYWHERE,N/A,PRODUCCIÓN,VSPDBDBOT01,VSPDBDBOT01,172.31.4.100
SI180,AUTOMATION ANYWHERE,N/A,PRODUCCIÓN,VSPDAPBOT01,VSPDAPBOT01,172.30.163.244
SI180,AUTOMATION ANYWHERE,N/A,PREPRODUCCIÓN,VSPPAPBOT01,VSPPAPBOT01,172.30.164.15
SI180,AUTOMATION ANYWHERE,N/A,PRODUCCIÓN,VSPDAPBOT02,VSPDAPBOT02,172.30.163.245
SI180,AUTOMATION ANYWHERE,N/A,PREPRODUCCIÓN,VSPPBDRPABT01,VSPPBDRPABT01,172.31.4.167
SI180,AUTOMATION ANYWHERE,N/A,PRODUCCIÓN,VSPDAPRPABT03,VSPDAPRPABT03,172.30.163.105
SI180,AUTOMATION ANYWHERE,N/A,PREPRODUCCIÓN,VSPPAPRPABT03,VSPPAPRPABT03,172.30.164.103
SI180,AUTOMATION ANYWHERE,N/A,PRODUCCIÓN,VSPDBDRPABT01,VSPDBDRPABT01,172.31.4.76
SI052,BASE DE DATOS SNIES,N/A,PRODUCCIÓN,sc01zdbadm05,N/A,172.29.10.55
SI014,SERVICIO MÉDICO ASISTENCIAL (SMA),N/A,PRODUCCIÓN,sc01zdbadm17,N/A,172.29.10.77
SI052,BASE DE DATOS SNIES,N/A,PRODUCCIÓN,sc01zdbadm17,N/A,172.29.10.77
SI091,SISTEMA DE LA DIRECCIÓN DE FORMACIÓN PARA EL TRABAJO (DSNFT),N/A,PRODUCCIÓN,sc01zdbadm17,N/A,172.29.10.77
HT017,PROCESO GESTIÓN CONTRACUAL (BIZAGI),N/A,DESARROLLO,VSDEAPBIZG01,VSDEAPBIZG01,172.30.176.127
HT017,PROCESO GESTIÓN CONTRACUAL (BIZAGI),N/A,DESARROLLO,VSDEBDBIZG01,VSDEBDBIZG01,172.30.162.161
HT017,PROCESO GESTIÓN CONTRACUAL (BIZAGI),N/A,PREPRODUCCIÓN,VSPPAPBIZG01,VSPPAPBIZG01,172.30.164.146
HT017,PROCESO GESTIÓN CONTRACUAL (BIZAGI),N/A,PREPRODUCCIÓN,VSPPBDBIZG01,VSPPBDBIZG01,172.31.4.177
SI099,BUS DE DATOS,N/A,PREPRODUCCIÓN,VSPPBDBUS01,VSBDAPP01CL,172.29.35.130
SI099,BUS DE DATOS,N/A,PREPRODUCCIÓN,VSPPAPBUS01,VSPPAPBUS01,172.30.164.42
SI099,BUS DE DATOS,N/A,PRODUCCIÓN,VSPDAPBUS01,VSBUSDATAAPP01,172.29.19.25
SI126,CAPACITACIÓN DE SEGURIDAD Y SALUD EN EL TRABAJO (SST),N/A,PREPRODUCCIÓN,VSPPAPCSST01,VSPPAPCSST01,172.30.164.53
SI126,CAPACITACIÓN DE SEGURIDAD Y SALUD EN EL TRABAJO (SST),N/A,PRODUCCIÓN,VSPDAPCSST01,VSPDAPCSST01,172.30.163.126
SI126,CAPACITACIÓN DE SEGURIDAD Y SALUD EN EL TRABAJO (SST),N/A,PRODUCCIÓN,VSPDAPCSST02,VSPDAPCSST02,172.30.163.127
SI056,CHATBOT AGENTI,APE,PREPRODUCCIÓN,VSPPAPCHFORM01,VSPPAPCHFORM01,172.30.164.22
SI056,CHATBOT AGENTI,APE,PREPRODUCCIÓN,VSPPBDCHFORM01,VSPPBDCHFORM01,172.31.4.144
SI056,CHATBOT AGENTI,APE,PRODUCCIÓN,VSPDAPCHAPE01,VSPDAPCHAPE01,172.30.163.88
SI056,CHATBOT AGENTI,APE,PRODUCCIÓN,VSPDAPCHAPE02,VSPDAPCHAPE02,172.30.163.89
SI056,CHATBOT AGENTI,APE,PRODUCCIÓN,VSPDAPCHAPE03,VSPDAPCHAPE03,172.30.163.90
SI056,CHATBOT AGENTI,APE,PRODUCCIÓN,VSPDAPCHAPE04,VSPDAPCHAPE04,172.30.163.91
SI056,CHATBOT AGENTI,APE,PRODUCCIÓN,VSPDBDCHAPE01,VSPDBDCHAPE01,172.31.4.74
SI056,CHATBOT AGENTI,Chatbot Formación Profesional Presencial (EVA),PRODUCCIÓN,VSPDAPCHFORM01,VSPDAPCHFORM01,172.30.163.22
SI056,CHATBOT AGENTI,Chatbot Formación Profesional Presencial (EVA),PRODUCCIÓN,VSPDAPCHFORM02,VSPDAPCHFORM02,172.30.163.23
SI056,CHATBOT AGENTI,Chatbot Formación Profesional Presencial (EVA),PRODUCCIÓN,VSPDAPCHFORM03,VSPDAPCHFORM03,172.30.163.24
SI056,CHATBOT AGENTI,Chatbot Formación Profesional Presencial (EVA),PRODUCCIÓN,VSPDAPCHFORM04,VSPDAPCHFORM04,172.30.163.25
SI056,CHATBOT AGENTI,Chatbot Formación Profesional Presencial (EVA),PRODUCCIÓN,VSPDBDCHFORM01,VSPDBDCHFORM01,172.31.4.27
SI056,CHATBOT AGENTI,"Chatbot Formación Profesional Presencial (liz, EVA)",PREPRODUCCIÓN,VSPPAPCHFORM02,VSPPAPCHFORM02,172.30.164.23
SI056,CHATBOT AGENTI,ChatBot Formación Profesional VIRTUAL (Isa),PREPRODUCCIÓN,VSPPAPCHATB01,QACHATBOTAPP01,172.29.33.233
SI056,CHATBOT AGENTI,ChatBot Formación Profesional VIRTUAL (Isa),PREPRODUCCIÓN,VSPPAPCHATB02,QACHATBOTAPP02,172.29.33.142
SI056,CHATBOT AGENTI,ChatBot Formación Profesional VIRTUAL (Liz),PREPRODUCCIÓN,VSPPBDCHBOT01,QACHATBOTSQL01,172.29.35.19
SI056,CHATBOT AGENTI,ChatBot Formación Profesional VIRTUAL (Liz),PRODUCCIÓN,VSPDAPCHLIZ03,VSAGVILIZAPP01,172.29.19.115
SI056,CHATBOT AGENTI,ChatBot Formación Profesional VIRTUAL (Liz),PRODUCCIÓN,VSPDAPCHLIZ04,VSAGVILIZAPP02,172.29.19.116
SI056,CHATBOT AGENTI,ChatBot Formación Profesional VIRTUAL (Liz),PRODUCCIÓN,VSPDBDCHLIZ02,VSAGVILIZBD01,172.29.11.10
SI056,CHATBOT AGENTI,ChatBot Formación Profesional VIRTUAL (Liz),PRODUCCIÓN,VSPDBDCHLIZ03,VSAGVILIZBD02,172.29.11.11
SI056,CHATBOT AGENTI,ChatBot Formación Profesional VIRTUAL (Liz),PRODUCCIÓN,VSPDAPCHLIZ01,VSPDAPCHLIZ01,172.30.163.72
SI056,CHATBOT AGENTI,ChatBot Formación Profesional VIRTUAL (Liz),PRODUCCIÓN,VSPDAPCHLIZ02,VSPDAPCHLIZ02,172.30.163.73
SI056,CHATBOT AGENTI,ChatBot Formación Profesional VIRTUAL (Liz),PRODUCCIÓN,VSPDBDCHLIZ01,VSPDBDCHLIZ01,172.31.4.66
SI056,CHATBOT AGENTI,Dirección Administrativa y Financiera (Isa),PRODUCCIÓN,VSPDAPCHDAF01,VSPDAPCHDAF01,172.30.163.31
SI056,CHATBOT AGENTI,Dirección Administrativa y Financiera (Isa),PRODUCCIÓN,VSPDAPCHDAF02,VSPDAPCHDAF02,172.30.163.32
SI056,CHATBOT AGENTI,Dirección Administrativa y Financiera (Isa),PRODUCCIÓN,VSPDBDCHDAF01,VSPDBDCHDAF01,172.31.4.29
SI157,COMUNICA,N/A,PRODUCCIÓN,VMDIGAPAA01,VMDIGAPAA01,172.16.2.227
SI059,PERIÓDICO WEB SENA,N/A,PRODUCCIÓN,VMDIGAPAA01,VMDIGAPAA01,172.16.2.227
SI173,WORLDSKILLS,N/A,PRODUCCIÓN,VMDIGAPAA01,VMDIGAPAA01,172.16.2.227
SI154,CONVOCATORIAS SENNOVA,N/A,PREPRODUCCIÓN,VSPPAPLABC01,VSPPAPLABC01,172.30.164.25
SI154,CONVOCATORIAS SENNOVA,N/A,PREPRODUCCIÓN,VSPPAPLABC02,VSPPAPLABC02,172.30.164.26
SI125,BLACKBOX,N/A,PREPRODUCCIÓN,VSPPAPBLBOX01,VSPPAPBLBOX01,172.30.164.73
SI125,BLACKBOX,N/A,PRODUCCIÓN,VSPDAPBLBOX01,VSPDAPBLBOX01,172.30.163.128
SI125,BLACKBOX,N/A,DESARROLLO,VSDEAPBLBOX01,VSDEAPBLBOX01,172.30.176.66
SI126,CAPACITACIÓN DE SEGURIDAD Y SALUD EN EL TRABAJO (SST),N/A,PRODUCCIÓN,VSPDBDCSST01,VSPDBDCSST01,172.31.4.85
SI156,CLASIFICACIÓN UNICA DE OCUPACIONES PARA COLOMBIA (CUOC),N/A,PREPRODUCCIÓN,VSPPAPCUOC01,VSPPAPCUOC01,172.30.164.56
SI156,CLASIFICACIÓN UNICA DE OCUPACIONES PARA COLOMBIA (CUOC),N/A,PREPRODUCCIÓN,VSPPBDCUOC01,VSPPBDCUOC01,172.31.4.157
SI156,CLASIFICACIÓN UNICA DE OCUPACIONES PARA COLOMBIA (CUOC),N/A,PRODUCCIÓN,VSPDAPCUOC01,VSPDAPCUOC01,172.30.163.66
SI009,CORREO ELECTRÓNICO MISENA,N/A,PREPRODUCCIÓN,VSPPAPMSENA01,VSPPAPMSENA01,172.30.164.63
SI008,CORREO INSTITUCIONAL EXCHANGE,N/A,PRODUCCIÓN,VSPDAPEXCH01,VSPDAPEXCH01,172.29.13.174
SI008,CORREO INSTITUCIONAL EXCHANGE,N/A,PRODUCCIÓN,VSPDAPEXCH02,VSPDAPEXCH02,172.29.13.175
SI050,COSTOS WEB,N/A,PREPRODUCCIÓN,VSPPAPCOST01,VSPPAPCOSTOS01,172.30.164.31
SI050,COSTOS WEB,N/A,PRODUCCIÓN,VSPDAPCOSTOS02,VSPDAPCOSTOS02,172.30.163.55
SI050,COSTOS WEB,N/A,PRODUCCIÓN,VSPDAPCOSTOS03,VSPDAPCOSTOS03,172.30.163.56
SI050,COSTOS WEB,N/A,PRODUCCIÓN,VSPDAPCOSTOS04,VSPDAPCOSTOS04,172.30.163.57
SI050,COSTOS WEB,N/A,PRODUCCIÓN,VSPDAPCOSTOS01,VSPDAPCOSTOS01,172.30.163.54
SI156,CLASIFICACIÓN UNICA DE OCUPACIONES PARA COLOMBIA (CUOC),N/A,PRODUCCIÓN,VSPDBDCUOC01,VSPDBDCUOC01,172.31.4.58
SI158,DASHBOARD EMPLEABILIDAD,N/A,PREPRODUCCIÓN,VSPPAPDASHB01,VSPPAPDASHB01,172.30.164.28
HT014,SOLUCIÓN ANALÍTICA DATOS ABIERTOS,N/A,PREPRODUCCIÓN,VSPPAPDASHB01,VSPPAPDASHB01,172.30.164.28
HT012,GESTIÓN ACELERADORES Y ESTRATEGIAS (GAE),N/A,PREPRODUCCIÓN,VSPPAPDASHB01,VSPPAPDASHB01,172.30.164.28
HT014,SOLUCIÓN ANALÍTICA DATOS ABIERTOS,N/A,PRODUCCIÓN,VSPDAPDASHB01,VSPDAPDASHB01,172.30.163.63
SI158,DASHBOARD EMPLEABILIDAD,N/A,PRODUCCIÓN,VSPDAPDASHB01,VSPDAPDASHB01,172.30.163.63
HT012,GESTIÓN ACELERADORES Y ESTRATEGIAS (GAE),N/A,PRODUCCIÓN,VSPDAPDASHB01,VSPDAPDASHB01,172.30.163.63
SI158,DASHBOARD EMPLEABILIDAD,N/A,PRODUCCIÓN,VSPDBDDASHB01,VSPDBDDASHB01,172.31.4.55
SI158,DASHBOARD EMPLEABILIDAD,N/A,PRODUCCIÓN,VSPDBDDASHB02,VSPDBDDASHB02,172.31.4.56
SI028,DIRECTORIO ACTIVO,N/A,PRODUCCIÓN,VSPDADDS01,VSPDADDS01,172.29.13.153
SI028,DIRECTORIO ACTIVO,N/A,PRODUCCIÓN,VSPDADDS02,VSPDADDS02,172.29.13.154
SI028,DIRECTORIO ACTIVO,N/A,PRODUCCIÓN,VSPDADDS03,VSPDADDS03,172.29.13.155
SI028,DIRECTORIO ACTIVO,N/A,PRODUCCIÓN,VSPDADDS04,VSPDADDS04,172.29.13.156
SI028,DIRECTORIO ACTIVO,N/A,PRODUCCIÓN,VSPDADDS05,VSPDADDS05,172.29.13.157
SI028,DIRECTORIO ACTIVO,N/A,PRODUCCIÓN,VSPDADDS06,VSPDADDS06,172.30.132.232
SI028,DIRECTORIO ACTIVO,N/A,PRODUCCIÓN,VSPDADDS07,VSPDADDS07,172.30.132.229
SI028,DIRECTORIO ACTIVO,N/A,PRODUCCIÓN,VSPDADDS08,VSPDADDS08,172.30.132.227
SI028,DIRECTORIO ACTIVO,N/A,PRODUCCIÓN,VSPDADFORM01,VSPDADFORM01,172.29.13.151
SI028,DIRECTORIO ACTIVO,N/A,PRODUCCIÓN,VSPDADFORM02,VSPDADFORM02,172.29.13.152
SI093,COMPROMISO SISTEMA INTEGRADO DE GESTIÓN Y AUTOCONTROL SIGA,N/A,PREPRODUCCIÓN,VSPPAPCOMPRO01,VSPPAPCOMPRO01,172.30.164.46
SI093,COMPROMISO SISTEMA INTEGRADO DE GESTIÓN Y AUTOCONTROL SIGA,N/A,PREPRODUCCIÓN,VSPPBDCOMPRO01,VSPPBDCOMPRO01,172.31.4.155
SI026,FIRMA DIGITAL_CERTIFICACIONES,N/A,PREPRODUCCIÓN,VSPPAPFIDIG01,VSPPAPFIDIG01,172.30.164.137
SI026,FIRMA DIGITAL_CERTIFICACIONES,N/A,PREPRODUCCIÓN,VSPPAPFIDIG02,VSPPAPFIDIG02,172.30.164.138
SI026,FIRMA DIGITAL_CERTIFICACIONES,N/A,PREPRODUCCIÓN,VSPPAPFIDIG03,VSPPAPFIDIG03,172.30.164.139
SI021,SISTEMA DE GESTIÓN DE CENTROS (SGC),N/A,PRODUCCIÓN,sc0102d2z02,N/A,172.29.10.132
SI026,FIRMA DIGITAL_CERTIFICACIONES,N/A,PRODUCCIÓN,VSPDAPFIDIG01,VSPDAPFIDIG01,172.30.163.162
SI026,FIRMA DIGITAL_CERTIFICACIONES,N/A,PRODUCCIÓN,VSPDAPFIDIG02,VSPDAPFIDIG02,172.30.163.163
SI026,FIRMA DIGITAL_CERTIFICACIONES,N/A,PRODUCCIÓN,VSPDAPFIDIG03,VSPDAPFIDIG03,172.30.163.164
SI026,FIRMA DIGITAL_CERTIFICACIONES,N/A,PRODUCCIÓN,VSPDAPFIDIG04,VSPDAPFIDIG04,172.30.163.165
SI026,FIRMA DIGITAL_CERTIFICACIONES,N/A,PRODUCCIÓN,VSPDAPFIDIG05,VSPDAPFIDIG05,172.30.163.166
SI093,COMPROMISO SISTEMA INTEGRADO DE GESTIÓN Y AUTOCONTROL SIGA,N/A,PRODUCCIÓN,VSCOMPROMISOBD01,VSCOMPROMISOBD01,172.29.11.116
SI093,COMPROMISO SISTEMA INTEGRADO DE GESTIÓN Y AUTOCONTROL SIGA,N/A,PRODUCCIÓN,VSCOMPROMISOBD02,VSCOMPROMISOBD02,172.29.11.117
SI093,COMPROMISO SISTEMA INTEGRADO DE GESTIÓN Y AUTOCONTROL SIGA,N/A,PRODUCCIÓN,VSPDAPCOMPRO01,VSPDAPCOMPRO01,172.30.163.145
SI093,COMPROMISO SISTEMA INTEGRADO DE GESTIÓN Y AUTOCONTROL SIGA,N/A,PRODUCCIÓN,VSPDAPCOMPRO02,VSPDAPCOMPRO02,172.30.163.149
SI124,CONTROLDOC,N/A,PREPRODUCCIÓN,VSPPAPCDOC01,VSPPAPCDOC01,172.30.164.98
SI124,CONTROLDOC,N/A,PREPRODUCCIÓN,VSPPAPCDOC02,VSPPAPCDOC02,172.30.164.99
SI154,CONVOCATORIAS SENNOVA,N/A,PREPRODUCCIÓN,VSPREAPCONV01,VSPREAPCONV01,172.30.164.10
SI154,CONVOCATORIAS SENNOVA,N/A,PREPRODUCCIÓN,VSPREAPCONV02,VSPREAPCONV02,172.30.164.11
SI124,CONTROLDOC,N/A,PRODUCCIÓN,sc01zfdbcdoc01,N/A,172.29.21.4
SI124,CONTROLDOC,N/A,PRODUCCIÓN,VSPDAPCDOC01,VSPDAPCDOC01,172.30.163.124
SI124,CONTROLDOC,N/A,PRODUCCIÓN,VSPDAPCDOC02,VSPDAPCDOC02,172.30.163.125
SI154,CONVOCATORIAS SENNOVA,N/A,PREPRODUCCIÓN,VSPREAPCONV03,VSPREAPCONV03,172.30.164.12
SI154,CONVOCATORIAS SENNOVA,N/A,PREPRODUCCIÓN,VSPREBDACONV01,VSPREBDACONV01,172.31.4.138
SI154,CONVOCATORIAS SENNOVA,N/A,PREPRODUCCIÓN,VSPREBDACONV02,VSPREBDACONV02,172.31.4.139
SI154,CONVOCATORIAS SENNOVA,N/A,PREPRODUCCIÓN,VSPRESVCONV01,VSPRESVCONV01,172.30.164.13
SI047,GESDOC06,N/A,PRODUCCIÓN,sc0101d2z04,N/A,172.29.10.164
SI046,GESDOC2K,N/A,PRODUCCIÓN,sc0101d2z04,N/A,172.29.10.164
SI010,GESTIÓN DOCUMENTAL ONBASE,N/A,DESARROLLO,VSDEAPOBASE01,VSDEAPOBASE01,172.30.176.61
SI010,GESTIÓN DOCUMENTAL ONBASE,N/A,DESARROLLO,VSDEAPOBASE02,VSDEAPOBASE02,172.30.176.112
SI010,GESTIÓN DOCUMENTAL ONBASE,N/A,DESARROLLO,VSDEAPOBASE03,VSDEAPOBASE03,172.30.176.113
SI010,GESTIÓN DOCUMENTAL ONBASE,N/A,DESARROLLO,VSDEFSOBASE04,VSDEAPOBASE04,172.30.176.114
SI010,GESTIÓN DOCUMENTAL ONBASE,N/A,PREPRODUCCIÓN,VSPPAPOBASE01,VSPPAPOBASE01,172.30.164.151
SI010,GESTIÓN DOCUMENTAL ONBASE,N/A,PREPRODUCCIÓN,VSPPAPOBASE02,VSPPAPOBASE02,172.30.164.152
SI010,GESTIÓN DOCUMENTAL ONBASE,N/A,PREPRODUCCIÓN,VSPPAPOBASE03,VSPPAPOBASE03,172.30.164.153
SI154,CONVOCATORIAS SENNOVA,N/A,PREPRODUCCIÓN,VSPRESVCONV02,VSPRESVCONV02,172.30.164.14
SI010,GESTIÓN DOCUMENTAL ONBASE,N/A,PRODUCCIÓN,sc01zdbadm04,N/A,172.29.10.54
SI010,GESTIÓN DOCUMENTAL ONBASE,N/A,PRODUCCIÓN,sc01zdbadm16,N/A,172.29.10.76
SI154,CONVOCATORIAS SENNOVA,N/A,PRODUCCIÓN,VSPRDAPCONV01,VSPRDAPCONV01,172.30.163.10
SI010,GESTIÓN DOCUMENTAL ONBASE,N/A,PRODUCCIÓN,VSPDAPOBASE02,VSPDAPOBASE02,172.30.163.227
SI010,GESTIÓN DOCUMENTAL ONBASE,N/A,PRODUCCIÓN,VSPDAPOBASE03,VSPDAPOBASE03,172.30.163.228
SI010,GESTIÓN DOCUMENTAL ONBASE,N/A,PRODUCCIÓN,VSPDAPOBASE01,VSPDAPOBASE01,172.29.18.233
SI010,GESTIÓN DOCUMENTAL ONBASE,N/A,PRODUCCIÓN,VSPDAPOBASE07,VSPDAPOBASE07,172.30.163.160
SI010,GESTIÓN DOCUMENTAL ONBASE,N/A,PRODUCCIÓN,VSPDAPOBASE04NE,VSPDAPOBASE04NE,172.30.163.161
SI010,GESTIÓN DOCUMENTAL ONBASE,N/A,PRODUCCIÓN,VSPDAPOBASE09,VSPDAPOBASE09,172.30.163.168
SI010,GESTIÓN DOCUMENTAL ONBASE,N/A,PRODUCCIÓN,VSPDFSOBASE01,VSPDFSOBASE01,172.30.163.240
SI130,GESTIONWEB (WEBSUPPORT),N/A,PREPRODUCCIÓN,VSPPAPWEBSU01,VSPPAPWEBSU01,172.30.164.132
SI130,GESTIONWEB (WEBSUPPORT),N/A,PRODUCCIÓN,VSPDAPWEBSU01,VSPDAPWEBSU01,172.30.163.173
SI154,CONVOCATORIAS SENNOVA,N/A,PRODUCCIÓN,VSPRDAPCONV02,VSPRDAPCONV02,172.30.163.11
SI111,GXSERVER,N/A,DESARROLLO,VSDEAPGXSER01,VSDEVAPGXA01,172.29.52.105
SI111,GXSERVER,N/A,DESARROLLO,VSFLIASENAPP01,VSFLIASENAAPP01,172.29.19.178
SI154,CONVOCATORIAS SENNOVA,N/A,PRODUCCIÓN,VSPRDAPCONV03,VSPRDAPCONV03,172.30.163.12
SI111,GXSERVER,N/A,DESARROLLO,VSGXAPP09,VSGXAPP09,172.29.52.31
SI111,GXSERVER,N/A,PRODUCCIÓN,VXGXSERVER01,VXGXSERVER01,172.29.19.32
SI102,CÓDIGO DE BARRAS - SPU,N/A,PRODUCCIÓN,VSFLIASENAPP02,VSFLIASENAPP02,172.29.19.144
SI121,SERVICIO MÉDICO ASISTENCIAL - SPU,N/A,PRODUCCIÓN,VSFLIASENAPP02,VSFLIASENAPP02,172.29.19.144
SI154,CONVOCATORIAS SENNOVA,N/A,PRODUCCIÓN,VSPRDAPCONV04,VSPRDAPCONV04,172.30.163.13
SI154,CONVOCATORIAS SENNOVA,N/A,PRODUCCIÓN,VSPRDAPCONV05,VSPRDAPCONV05,172.30.163.14
SI154,CONVOCATORIAS SENNOVA,N/A,PRODUCCIÓN,VSPRDBDACONV01,VSPRDBDACONV01,172.31.4.10
SI154,CONVOCATORIAS SENNOVA,N/A,PRODUCCIÓN,VSPRDBDACONV02,VSPRDBDACONV02,172.31.4.11
SI154,CONVOCATORIAS SENNOVA,N/A,PRODUCCIÓN,VSPRDBDSCONV01,VSPRDBDSCONV01,172.31.4.12
SI154,CONVOCATORIAS SENNOVA,N/A,PRODUCCIÓN,VSPRDBDSCONV02,VSPRDBDSCONV02,172.31.4.13
SI154,CONVOCATORIAS SENNOVA,N/A,PRODUCCIÓN,VSPRDSVCONV01,VSPRDSVCONV01,172.30.163.15
SI154,CONVOCATORIAS SENNOVA,N/A,PRODUCCIÓN,VSPRDSVCONV02,VSPRDSVCONV02,172.30.163.16
N/A,INFRAESTRUCTURA,Base de datos RMAN,PRODUCCIÓN,VSCLCO13C,VSCLCO13CC,172.29.10.13
N/A,INFRAESTRUCTURA,"SOLARIS: LDOM ZONAS BD (MFINAN1,MGESDOC01, MAPORTES1, MGESDOC21, MSGCNAL1, MSGCCERT1, MINITIAL1)",PRODUCCIÓN,sc01dedadm0101,N/A,172.29.10.220
N/A,INFRAESTRUCTURA,"SOLARIS: LDOM ZONAS BD(MGESDOC22, MSGCNAL2, MAPORTES2, MFINAN2, MGESDOC02, MINITIAL2, MSGCCERT2)",PRODUCCIÓN,sc01dedadm0201,N/A,172.29.10.223
N/A,INFRAESTRUCTURA,SOLARIS:  M8 - Storage Exadata,PRODUCCIÓN,sc01celadm01,N/A,N/A
N/A,INFRAESTRUCTURA,SOLARIS:  M8 - Storage Exadata,PRODUCCIÓN,sc01celadm02,N/A,N/A
N/A,INFRAESTRUCTURA,SOLARIS:  M8 - Storage Exadata,PRODUCCIÓN,sc01celadm03,N/A,N/A
N/A,INFRAESTRUCTURA,SOLARIS:  M8 - Storage Exadata,PRODUCCIÓN,sc01celadm04,N/A,N/A
N/A,INFRAESTRUCTURA,SOLARIS:  M8 - Storage Exadata,PRODUCCIÓN,sc01celadm05,N/A,N/A
N/A,INFRAESTRUCTURA,SOLARIS:  M8 - Storage Exadata,PRODUCCIÓN,sc01celadm06,N/A,N/A
N/A,INFRAESTRUCTURA,SOLARIS:  M8 - Storage Exadata,PRODUCCIÓN,sc01celadm07,N/A,N/A
N/A,INFRAESTRUCTURA,Controlador Dom.Sena.Net,DESARROLLO,VSDEADDS01,VSDESADDS01,172.30.164.127
N/A,INFRAESTRUCTURA,Pendiente eliminación,PREPRODUCCIÓN,VSPPAPBALAN01,VSPPAPBALAN01,172.29.28.207
N/A,INFRAESTRUCTURA,Pendiente desconexión de interfases para iniciar proceso de liberación de infraestructura,PRODUCCIÓN,PSDIGFTPA01,psdigftpa01,172.16.2.69
SI154,CONVOCATORIAS SENNOVA,N/A,PRODUCCIÓN,VSPRDSVCONV03,VSPRDSVCONV03,172.30.163.17
SI028,DIRECTORIO ACTIVO,FEDERATION SERVICES,PRODUCCIÓN,VSPDADFS02,VSPDADFS02,172.30.163.40
SI028,DIRECTORIO ACTIVO,CA,PRODUCCIÓN,VSPDAPADCS01,VSPDAPADCS01,172.29.13.150
SI028,DIRECTORIO ACTIVO,CA,PRODUCCIÓN,VSPDAPADCS02,VSPDAPADCS02,172.30.163.35
SI028,DIRECTORIO ACTIVO,CA,PRODUCCIÓN,VSPDAPADCS03,VSPDAPADCS03,172.30.163.97
SI154,CONVOCATORIAS SENNOVA,N/A,PRODUCCIÓN,VSPRDSVCONV04,VSPRDSVCONV04,172.30.163.18
SI050,COSTOS WEB,N/A,PRODUCCIÓN,VSPDBDCOSTOS01,VSPDBDCOSTOS01,172.31.4.44
SI159,EVALUACIONES EN LÍNEA -ECCL,N/A,PRODUCCIÓN,VSPDAPECLIN01,VSPDAPECLIN01,172.29.52.12
N/A,INFRAESTRUCTURA,FILE SERVER,PRODUCCIÓN,VSPDAPFILE01,VSPDAPFILE01,172.29.19.243
N/A,INFRAESTRUCTURA,MESA DE SERVICIO,PRODUCCIÓN,VSPDAPMDS01,VSPDAPMESA01_OLD,172.30.163.38
N/A,INFRAESTRUCTURA,Aplicación RDS,PRODUCCIÓN,VSPDAPRDS01,VSPDAPRDS01,172.30.163.71
SI091,SISTEMA DE LA DIRECCIÓN DE FORMACIÓN PARA EL TRABAJO (DSNFT),N/A,PRODUCCIÓN,VSPDAPECLIN01,VSPDAPECLIN01,172.29.52.12
SI091,SISTEMA DE LA DIRECCIÓN DE FORMACIÓN PARA EL TRABAJO (DSNFT),N/A,PRODUCCIÓN,VSPDAPECLIN02,VSPDAPECLIN02,172.29.52.13
SI159,EVALUACIONES EN LÍNEA -ECCL,N/A,PRODUCCIÓN,VSPDAPECLIN02,VSPDAPECLIN02,172.29.52.13
SI028,DIRECTORIO ACTIVO,N/A,PRODUCCIÓN,VSPDDHCP01,VSPDDHCP01,172.30.132.231
SI028,DIRECTORIO ACTIVO,N/A,PRODUCCIÓN,VSPDDHCP02,VSPDDHCP02,172.30.132.226
N/A,INFRAESTRUCTURA,Pendiente desconexión de interfases para iniciar proceso de liberación de infraestructura,PRODUCCIÓN,VSPDMONIT02,VSPDMONIT02,172.29.18.240
N/A,INFRAESTRUCTURA,OVM,PRODUCCIÓN,FSDCOOVS01R1P,N/A,172.30.141.11
N/A,INFRAESTRUCTURA,OVM,PRODUCCIÓN,FSDCOOVS01R2P,N/A,172.30.141.27
N/A,INFRAESTRUCTURA,OVM,PRODUCCIÓN,FSDCOOVS01R3P,N/A,172.30.141.42
N/A,INFRAESTRUCTURA,OVM,PRODUCCIÓN,FSDCOOVS02R1P,N/A,172.30.141.12
N/A,INFRAESTRUCTURA,OVM,PRODUCCIÓN,FSDCOOVS02R2P,N/A,172.30.141.28
N/A,INFRAESTRUCTURA,OVM,PRODUCCIÓN,FSDCOOVS02R3P,N/A,172.30.141.43
N/A,INFRAESTRUCTURA,OVM,PRODUCCIÓN,FSDCOOVS03R1P,N/A,172.30.141.13
N/A,INFRAESTRUCTURA,OVM,PRODUCCIÓN,FSDCOOVS03R2P,N/A,172.30.141.29
N/A,INFRAESTRUCTURA,OVM,PRODUCCIÓN,FSDCOOVS03R3P,N/A,172.30.141.44
N/A,INFRAESTRUCTURA,OVM,PRODUCCIÓN,FSDCOOVS04R1P,N/A,172.30.141.14
N/A,INFRAESTRUCTURA,OVM,PRODUCCIÓN,FSDCOOVS04R2P,N/A,172.30.141.30
N/A,INFRAESTRUCTURA,OVM,PRODUCCIÓN,FSDCOOVS04R3P,N/A,172.30.141.45
N/A,INFRAESTRUCTURA,OVM,PRODUCCIÓN,FSDCOOVS05R1P,N/A,172.30.141.15
N/A,INFRAESTRUCTURA,OVM,PRODUCCIÓN,FSDCOOVS05R2P,N/A,172.30.141.31
N/A,INFRAESTRUCTURA,OVM,PRODUCCIÓN,FSDCOOVS05R3P,N/A,172.30.141.46
N/A,INFRAESTRUCTURA,OVM,PRODUCCIÓN,FSDCOOVS06R1P,N/A,172.30.141.16
N/A,INFRAESTRUCTURA,OVM,PRODUCCIÓN,FSDCOOVS06R2P,N/A,172.30.141.32
N/A,INFRAESTRUCTURA,OVM,PRODUCCIÓN,FSDCOOVS06R3P,N/A,172.30.141.47
N/A,INFRAESTRUCTURA,OVM,PRODUCCIÓN,FSDCOOVS07R1P,N/A,172.30.141.17
N/A,INFRAESTRUCTURA,OVM,PRODUCCIÓN,FSDCOOVS07R2P,N/A,172.30.141.33
N/A,INFRAESTRUCTURA,OVM,PRODUCCIÓN,FSDCOOVS07R3P,N/A,172.30.141.48
N/A,INFRAESTRUCTURA,OVM,PRODUCCIÓN,FSDCOOVS08R1P,N/A,172.30.141.18
N/A,INFRAESTRUCTURA,OVM,PRODUCCIÓN,FSDCOOVS08R2P,N/A,172.30.141.34
N/A,INFRAESTRUCTURA,OVM,PRODUCCIÓN,FSDCOOVS08R3P,N/A,172.30.141.49
N/A,INFRAESTRUCTURA,OVM,PRODUCCIÓN,FSDCOOVS09R1P,N/A,172.30.141.19
N/A,INFRAESTRUCTURA,OVM,PRODUCCIÓN,FSDCOOVS09R2P,N/A,172.30.141.35
N/A,INFRAESTRUCTURA,OVM,PRODUCCIÓN,FSDCOOVS09R3P,N/A,172.30.141.50
N/A,INFRAESTRUCTURA,OVM,PRODUCCIÓN,FSDCOOVS10R1P,N/A,172.30.141.20
N/A,INFRAESTRUCTURA,OVM,PRODUCCIÓN,FSDCOOVS10R2P,N/A,172.30.141.36
N/A,INFRAESTRUCTURA,OVM,PRODUCCIÓN,FSDCOOVS10R3P,N/A,172.30.141.51
N/A,INFRAESTRUCTURA,OVM,PRODUCCIÓN,FSDCOOVS11R1P,N/A,172.30.141.21
N/A,INFRAESTRUCTURA,OVM,PRODUCCIÓN,FSDCOOVS11R2P,N/A,172.30.141.37
N/A,INFRAESTRUCTURA,OVM,PRODUCCIÓN,FSDCOOVS11R3P,N/A,172.30.141.52
N/A,INFRAESTRUCTURA,OVM,PRODUCCIÓN,FSDCOOVS12R1P,N/A,172.30.141.22
N/A,INFRAESTRUCTURA,OVM,PRODUCCIÓN,FSDCOOVS12R2P,N/A,172.30.141.38
N/A,INFRAESTRUCTURA,OVM,PRODUCCIÓN,FSDCOOVS12R3P,N/A,172.30.141.53
N/A,INFRAESTRUCTURA,OVM,PRODUCCIÓN,FSDCOOVS13R1P,N/A,172.30.141.23
N/A,INFRAESTRUCTURA,OVM,PRODUCCIÓN,FSDCOOVS13R2P,N/A,172.30.141.39
N/A,INFRAESTRUCTURA,OVM,PRODUCCIÓN,FSDCOOVS13R3P,N/A,172.30.141.54
N/A,INFRAESTRUCTURA,OVM,PRODUCCIÓN,FSDCOOVS14R1P,N/A,172.30.141.24
N/A,INFRAESTRUCTURA,OVM,PRODUCCIÓN,FSDCOOVS14R2P,N/A,172.30.141.40
N/A,INFRAESTRUCTURA,OVM,PRODUCCIÓN,FSDCOOVS14R3P,N/A,172.30.141.55
N/A,INFRAESTRUCTURA,OVM,PRODUCCIÓN,FSDCOOVS15R1P,N/A,172.30.141.25
N/A,INFRAESTRUCTURA,OVM,PRODUCCIÓN,FSDCOOVS15R2P,N/A,172.30.141.41
N/A,INFRAESTRUCTURA,OVM,PRODUCCIÓN,FSDCOOVS15R3P,N/A,172.30.141.56
N/A,INFRAESTRUCTURA,OVM,PRODUCCIÓN,FSDCOOVS16R1P,N/A,172.30.141.26
N/A,INFRAESTRUCTURA,OVM,PRODUCCIÓN,FSDCOOVS16R2P,N/A,172.30.141.57
N/A,INFRAESTRUCTURA,OVM,PRODUCCIÓN,FSDCOOVS16R3P,N/A,172.30.141.59
N/A,INFRAESTRUCTURA,OVM,PRODUCCIÓN,FSDCOOVS17R2P,N/A,172.30.141.58
N/A,INFRAESTRUCTURA,OVM,PRODUCCIÓN,FSDCOOVS17R3P,N/A,172.30.141.60
N/A,INFRAESTRUCTURA,OVM,PRODUCCIÓN,OVMMSVRPOOL1,OVMMSVRPOOL1,172.30.141.124
N/A,INFRAESTRUCTURA,OVM,PRODUCCIÓN,OVMMSVRPOOL2,OVMMSVRPOOL2,172.30.141.125
N/A,INFRAESTRUCTURA,OVM,PRODUCCIÓN,OVMMSVRPOOL3,OVMMSVRPOOL3,172.30.141.126
N/A,INFRAESTRUCTURA,SOLARIS:  PDOMIN-1,PRODUCCIÓN,sc01-rootadm0101,N/A,172.29.10.50
N/A,INFRAESTRUCTURA,SOLARIS:  PDOMIN-2,PRODUCCIÓN,sc01-rootadm0201,N/A,172.29.10.72
N/A,INFRAESTRUCTURA,SOLARIS:  Servidor virtual Root Domain  PDom1 Primary domain,PRODUCCIÓN,sc01-rootadm0102,N/A,N/A
N/A,INFRAESTRUCTURA,SOLARIS:  Servidor virtual Root Domain  PDom1 Primary domain,PRODUCCIÓN,sc01-rootadm0103,N/A,N/A
SI021,SISTEMA DE GESTIÓN DE CENTROS (SGC),Servidor VIRTUAL donde corre weblogic de Aplicaciónes para  SGCNAL,PRODUCCIÓN,sc0101d2z02,N/A,172.29.10.162
N/A,INFRAESTRUCTURA,SOLARIS:  Servidor virtual Root Domain  PDom1 Primary domain,PRODUCCIÓN,sc01-rootadm0104,N/A,N/A
N/A,INFRAESTRUCTURA,SOLARIS:  Servidor virtual Root Domain  PDom1 Primary domain,PRODUCCIÓN,sc01-rootadm0202,N/A,N/A
N/A,INFRAESTRUCTURA,SOLARIS: Servidor virtual Root Domain  PDom1 Primary domain,PRODUCCIÓN,sc01-rootadm0203,N/A,N/A
N/A,INFRAESTRUCTURA,SOLARIS: Servidor virtual Root Domain  PDom1 Primary domain,PRODUCCIÓN,sc01-rootadm0204,N/A,N/A
HT016,INTEROPERABILIDAD SENA CONTRALORÍA,N/A,PRODUCCIÓN,sc01zfdbpd01,N/A,172.29.11.189
HT016,INTEROPERABILIDAD SENA CONTRALORÍA,N/A,PRODUCCIÓN,sc01zfdbpd02,N/A,172.29.11.199
HT016,INTEROPERABILIDAD SENA CONTRALORÍA,N/A,PRODUCCIÓN,sc01zfdbsoapd01,N/A,172.29.11.62
HT016,INTEROPERABILIDAD SENA CONTRALORÍA,N/A,PRODUCCIÓN,sc01zfdbsoapd02,N/A,172.29.11.178
HT016,INTEROPERABILIDAD SENA CONTRALORÍA,N/A,PRODUCCIÓN,sc01zfodipd01,N/A,172.29.11.42
HT016,INTEROPERABILIDAD SENA CONTRALORÍA,N/A,PRODUCCIÓN,sc01zfodipd02,N/A,172.29.11.50
HT016,INTEROPERABILIDAD SENA CONTRALORÍA,N/A,PRODUCCIÓN,sc01zfosbpd01,N/A,172.29.11.48
HT016,INTEROPERABILIDAD SENA CONTRALORÍA,N/A,PRODUCCIÓN,sc01zfosbpd02,N/A,172.29.11.49
HT016,INTEROPERABILIDAD SENA CONTRALORÍA,N/A,PRODUCCIÓN,sc01zfwlspd01,N/A,172.29.11.52
HT016,INTEROPERABILIDAD SENA CONTRALORÍA,N/A,PRODUCCIÓN,sc01zfwlspd02,N/A,172.29.11.53
HT016,INTEROPERABILIDAD SENA CONTRALORÍA,N/A,PREPRODUCCIÓN,sc01zfadmqa01,N/A,172.29.10.130
HT016,INTEROPERABILIDAD SENA CONTRALORÍA,N/A,PREPRODUCCIÓN,sc01zfdbqa01,N/A,172.29.10.224
HT016,INTEROPERABILIDAD SENA CONTRALORÍA,N/A,PREPRODUCCIÓN,sc01zfdbqa02,N/A,172.29.10.228
HT016,INTEROPERABILIDAD SENA CONTRALORÍA,N/A,PREPRODUCCIÓN,sc01zfmdlqa01,N/A,172.29.10.160
HT016,INTEROPERABILIDAD SENA CONTRALORÍA,N/A,PREPRODUCCIÓN,sc01zfmdlqa02,N/A,172.29.10.213
SI124,CONTROLDOC,N/A,PREPRODUCCIÓN,VSPPBDCOSTOS01,VSPPBDCOSTOS01,172.31.4.151
HT012,GESTIÓN ACELERADORES Y ESTRATEGIAS (GAE),N/A,PREPRODUCCIÓN,VSPPAPSDCACE01,VSPPAPSDCACE01,172.30.164.143
SI152,INTRASUITE,N/A,PRODUCCIÓN,VSPDAPISUIT01,VSPDAPISUIT01,172.30.163.84
SI152,INTRASUITE,N/A,PRODUCCIÓN,VSPDAPISUIT02,VSPDAPISUIT02,172.30.163.85
SI152,INTRASUITE,N/A,PREPRODUCCIÓN,VSPPAPISUIT01,VSPPAPISUIT01,172.30.164.67
SI152,INTRASUITE,N/A,PREPRODUCCIÓN,VSPPBDISUIT01,VSPPBDISUIT01,172.31.4.159
SI152,INTRASUITE,N/A,PRODUCCIÓN,VSSENNOVAAPP01,VSSENNOVAAPP01,172.29.19.42
SI152,INTRASUITE,SENOVA,PRODUCCIÓN,VSSQLSENA1BD02,VSSQLSENA1BD02,172.29.11.143
SI146,JASPER,N/A,PREPRODUCCIÓN,VSPPAPJASP01,VSPPAPJASP01,172.30.164.61
HT012,GESTIÓN ACELERADORES Y ESTRATEGIAS (GAE),N/A,PREPRODUCCIÓN,VSPPAPSDCACE02,VSPPAPSDCACE02,172.30.164.144
HT012,GESTIÓN ACELERADORES Y ESTRATEGIAS (GAE),N/A,PRODUCCIÓN,VSPDAPSDCACE01,VSPDAPSDCACE01,172.30.163.171
HT012,GESTIÓN ACELERADORES Y ESTRATEGIAS (GAE),N/A,PRODUCCIÓN,VSPDAPSDCACE02,VSPDAPSDCACE02,172.30.163.172
SI004,KACTUS,N/A,CAPACITACIÓN,VSPPAPKACT01,VSCAPRDKACT01,172.30.168.25
SI004,KACTUS,N/A,DESARROLLO,VSDERDKACT01,VSDERDKACT01,172.30.176.74
SI004,KACTUS,N/A,PREPRODUCCIÓN,VSPPRDKACT01,VSPPRDKACT01,172.29.33.221
SI004,KACTUS,N/A,PREPRODUCCIÓN,VSPPWEBKACT01,VSPPWEBKACT01,172.30.164.55
SI010,GESTIÓN DOCUMENTAL ONBASE,N/A,PREPRODUCCIÓN,VSPPFSOBASE04,VSPPFSOBASE04,172.30.164.154
SI004,KACTUS,N/A,PRODUCCIÓN,sc01zdbadm03,N/A,172.29.10.53
SI004,KACTUS,N/A,PRODUCCIÓN,sc01zdbadm15,N/A,172.29.10.75
SI004,KACTUS,N/A,PRODUCCIÓN,VSPDFTPKACT01,VSPDFTPKACT01,172.29.18.87
SI004,KACTUS,N/A,PRODUCCIÓN,VSPDRDKACT01,VSPDRDKACT01,172.29.19.184
SI004,KACTUS,N/A,PRODUCCIÓN,VSPDRDKACT02,VSPDRDKACT02,172.29.18.42
SI004,KACTUS,N/A,PRODUCCIÓN,VSPDRDKACT04,VSPDRDKACT04,172.29.19.185
SI004,KACTUS,N/A,PRODUCCIÓN,VSPDRDKACT03,VSPDRDKACT03,172.29.18.41
SI004,KACTUS,N/A,PRODUCCIÓN,VSPDWEBKACT01,VSPDWEBKACT01,172.29.18.43
SI004,KACTUS,N/A,PRODUCCIÓN,VSPDWEBKACT02,VSPDWEBKACT02,172.29.18.44
HT003,LATCH - CA PRIVILEGED ACCESS MANAGER (CAPAM),BD Latch y BD Capam Log,PRODUCCIÓN,VSCAPAMBD01,VSCAPAMBD01,172.29.10.217
HT003,LATCH - CA PRIVILEGED ACCESS MANAGER (CAPAM),Server Control PAM ,PRODUCCIÓN,VSPDAPPAMSA01,VSPDAPPAMSA01,172.29.52.36
HT003,LATCH - CA PRIVILEGED ACCESS MANAGER (CAPAM),Server Control PAM ,PRODUCCIÓN,VSPDAPPAMCE01,VSPDAPPAMCE01,172.29.52.35
HT003,LATCH - CA PRIVILEGED ACCESS MANAGER (CAPAM),Jump Oracle ,PRODUCCIÓN,VSPDAPPAMJS01,VSPDAPPAMJS01,172.29.52.41
HT003,LATCH - CA PRIVILEGED ACCESS MANAGER (CAPAM),Jump MSQL ,PRODUCCIÓN,VSPDBDPAMJS01,VSPDBDPAMJS01,172.29.52.42
HT003,LATCH - CA PRIVILEGED ACCESS MANAGER (CAPAM),Latch ,PRODUCCIÓN,VSPDAPCAPAM02,VSPRDAPCAP01,172.29.52.120
HT003,LATCH - CA PRIVILEGED ACCESS MANAGER (CAPAM),Latch ,PRODUCCIÓN,VSPDAPCAPAM03,VSPRDAPCAP02,172.29.52.121
Por definir,LICENCIAS GXFLOW,N/A,PREPRODUCCIÓN,VSPPAPGXFLW01,VSPPAPGXFLW01,172.30.164.133
Por definir,LICENCIAS GXFLOW,N/A,PRODUCCIÓN,VSPDAPGXFLW01,VSPDAPGXFLW01,172.30.163.19
SI105,MANTIS BUGTRAKER,N/A,PREPRODUCCIÓN,VSPPAPMANT02,VSPPAPMANT02,172.30.164.128
SI105,MANTIS BUGTRAKER,N/A,PRODUCCIÓN,VSPDAPMANT01,VSPDAPMANT01,172.30.163.28
SI010,GESTIÓN DOCUMENTAL ONBASE,N/A,PRODUCCIÓN,VSPDAPOBASE06,VSPDAPOBASE06,172.29.18.81
SI130,GESTIONWEB (WEBSUPPORT),N/A,PRODUCCIÓN,VSPDBDWEBSU01,VSPDBDWEBSU01,172.31.4.89
N/A,INFORMÁTICA ENTERPRISE DATA CATALOG,N/A,PRODUCCIÓN,VSPDAPEDC01,VSPDAPEDC01,172.30.163.67
HT004,MEGAHOPEX,N/A,PREPRODUCCIÓN,VSPPAPQAMHOP01,QAMEGAHOPEXAPP,172.29.33.155
HT004,MEGAHOPEX,N/A,PREPRODUCCIÓN,VSPPBDQAMHOP01,QAMEGAHOPEXDB,172.29.35.15
HT004,MEGAHOPEX,N/A,PRODUCCIÓN,VSMEGAHOPEXAPP,VSMEGAHOPEXAPP,172.29.52.39
HT004,MEGAHOPEX,N/A,PRODUCCIÓN,VSMEGAHOPEXDB,VSMEGAHOPEXDB,172.29.10.221
SI150,MICROSOFT CRM - ON LINE,N/A,PRODUCCIÓN,VSPDAPCRMPB02,VSPDAPCRMPB02,172.29.52.18
SI092,MICROSOFT CRM - ON PREMISE,N/A,PRODUCCIÓN,VSCRMSQL02,VSCRMSQL02,172.29.10.16
SI092,MICROSOFT CRM - ON PREMISE,N/A,PRODUCCIÓN,VSCRMSQL03,VSCRMSQL03,172.29.10.251
SI092,MICROSOFT CRM - ON PREMISE,N/A,PRODUCCIÓN,VSCRMSQLREP01,VSCRMSQLREP01,172.29.10.14
SI092,MICROSOFT CRM - ON PREMISE,N/A,PRODUCCIÓN,VSCRMSQLREP02,VSCRMSQLREP02,172.29.10.26
SI150,MICROSOFT CRM - ON LINE,N/A,DESARROLLO,VSDEAPCRMPB01,VSDEAPCRMPB01,172.30.176.90
SI150,MICROSOFT CRM - ON LINE,N/A,PRODUCCIÓN,VSPPAPCRMPB01,VSPPAPCRMPB01,172.30.164.117
SI150,MICROSOFT CRM - ON LINE,N/A,PREPRODUCCIÓN,VSPDAPCRMPB01,VSPDAPCRMPB01,172.30.163.119
HT005,MICROSOFT SECURITY - RAAS,N/A,PRODUCCIÓN,VSPDAPMOVERE01,VSPDAPMOVERE01,172.29.52.32
N/A,INFORMÁTICA ENTERPRISE DATA CATALOG,N/A,PRODUCCIÓN,VSPDAPEDC02,VSPDAPEDC02,172.30.163.68
N/A,INFORMÁTICA ENTERPRISE DATA CATALOG,N/A,PRODUCCIÓN,VSPDBDEDC01,VSPDBDEDC01,172.31.4.59
N/A,INFRAESTRUCTURA,ASRMANAGER para generar casos automáticos Oracle,PRODUCCIÓN,vsdcoasrman01p,vsdcoasrman01p,172.30.141.9
N/A,INFRAESTRUCTURA,DRP,PRODUCCIÓN,VSPDAPCLOUD01,VSPDAPCLOUD01,172.30.163.150
N/A,INFRAESTRUCTURA,FTP Linux,PRODUCCIÓN,VSPDFTPLNX01,VSPDFTPLNX01,172.30.163.41
N/A,INFRAESTRUCTURA,FTP Linux,PRODUCCIÓN,VSPDAPFTP01,VSPDAPFTP01,172.29.52.103
SI127,NORMOGRAMA,N/A,PREPRODUCCIÓN,VSPPAPNORM01,VSPPAPNORM01,172.30.164.120
SI127,NORMOGRAMA,N/A,PRODUCCIÓN,VSPDAPNORM01,VSPDAPNORM01,172.30.163.143
SI127,NORMOGRAMA,N/A,PRODUCCIÓN,VSPDAPNORM02,VSPDAPNORM02,172.30.163.144
SI040,OBSERVATORIO LABORAL Y OCUPACIONAL,N/A,PREPRODUCCIÓN,VSPPAPOBLAB02,PSNMVBOGDATAOLO,172.29.33.175
SI040,OBSERVATORIO LABORAL Y OCUPACIONAL,N/A,PREPRODUCCIÓN,VSPPAPOBLAB01,VSPPAPOBLAB01,172.30.164.59
SI040,OBSERVATORIO LABORAL Y OCUPACIONAL,MSSQLSERVER,PREPRODUCCIÓN,VSPPBDOBLAB01,VSPPBDOBLAB01,172.31.4.158
SI040,OBSERVATORIO LABORAL Y OCUPACIONAL,N/A,PRODUCCIÓN,VSPDAPOBLAB01,VSPDAPOBLAB01,172.30.163.86
SI040,OBSERVATORIO LABORAL Y OCUPACIONAL,N/A,PRODUCCIÓN,VSPDAPOBLAB02,VSPDAPOBLAB02,172.30.163.87
SI040,OBSERVATORIO LABORAL Y OCUPACIONAL,OBSL,PRODUCCIÓN,VSPDBDOGAG01,VSPDBDOGAG01,172.31.4.67
SI040,OBSERVATORIO LABORAL Y OCUPACIONAL,OBSL,PRODUCCIÓN,VSPDBDOGAG02,VSPDBDOGAG02,172.31.4.68
SI183,OFICINA VIRTUAL DE RADICACIÓN,N/A,PREPRODUCCIÓN,VSPPAPOVIRT04,VSPPAPOVIRT04,172.30.164.123
SI183,OFICINA VIRTUAL DE RADICACIÓN,N/A,PREPRODUCCIÓN,VSPPAPOVIRT05,VSPPAPOVIRT05,172.30.164.124
SI183,OFICINA VIRTUAL DE RADICACIÓN,N/A,PREPRODUCCIÓN,VSPPAPOVIRT06,VSPPAPOVIRT06,172.30.164.125
SI183,OFICINA VIRTUAL DE RADICACIÓN,N/A,PREPRODUCCIÓN,VSPPAPOVIRT07,VSPPAPOVIRT07,172.30.164.126
SI183,OFICINA VIRTUAL DE RADICACIÓN,N/A,PRODUCCIÓN,VSPDAPOVIRT04,VSPDAPOVIRT04,172.30.163.120
SI183,OFICINA VIRTUAL DE RADICACIÓN,N/A,PRODUCCIÓN,VSPDAPOVIRT05,VSPDAPOVIRT05,172.30.163.121
SI183,OFICINA VIRTUAL DE RADICACIÓN,N/A,PRODUCCIÓN,VSPDAPOVIRT06,VSPDAPOVIRT06,172.30.163.122
SI183,OFICINA VIRTUAL DE RADICACIÓN,N/A,PRODUCCIÓN,VSPDAPOVIRT07,VSPDAPOVIRT07,172.30.163.123
HT013,INTEROPERABILIDAD SENA XROAD,N/A,PRODUCCIÓN,VSPDAPXROAD01,VSPDAPXROAD01,172.30.163.65
SI012,OFICINA VIRTUAL FORMACIÓN,N/A,PRODUCCIÓN,VSPDAPOVIRF01,VSOVIRTAPP10,172.29.18.68
SI009,CORREO ELECTRÓNICO MISENA,N/A,PRODUCCIÓN,VSOVIRTAPP13,VSOVIRTAPP13,172.29.18.60
SI012,OFICINA VIRTUAL FORMACIÓN,N/A,PRODUCCIÓN,VSOVIRTAPP13,VSOVIRTAPP13,172.29.18.60
SI009,CORREO ELECTRÓNICO MISENA,N/A,PRODUCCIÓN,VSPDBDOVIR02,VSPDBDOVIR02,172.29.10.196
SI012,OFICINA VIRTUAL FORMACIÓN,OV,PRODUCCIÓN,VSPDBDOVIR02,VSPDBDOVIR02,172.29.10.196
SI012,OFICINA VIRTUAL FORMACIÓN,N/A,PRODUCCIÓN,VSOVIRTAPP12,VSOVIRTAPP12,172.29.18.59
SI009,CORREO ELECTRÓNICO MISENA,N/A,PRODUCCIÓN,VSOVIRTAPP12,VSOVIRTAPP12,172.29.18.59
SI009,CORREO ELECTRÓNICO MISENA,N/A,PRODUCCIÓN,VSOVIRTAPP14,VSOVIRTAPP14,172.29.18.61
SI012,OFICINA VIRTUAL FORMACIÓN,N/A,PRODUCCIÓN,VSOVIRTAPP14,VSOVIRTAPP14,172.29.18.61
SI009,CORREO ELECTRÓNICO MISENA,N/A,PRODUCCIÓN,VSOVIRTTASK,VSOVIRTTASK,172.29.18.62
SI012,OFICINA VIRTUAL FORMACIÓN,N/A,PRODUCCIÓN,VSOVIRTTASK,VSOVIRTTASK,172.29.18.62
SI012,OFICINA VIRTUAL FORMACIÓN,OV,PRODUCCIÓN,VSPDBDOVIR01,VSPDBDOVIR01,172.29.10.195
SI009,CORREO ELECTRÓNICO MISENA,OV,PRODUCCIÓN,VSPDBDOVIR01,VSPDBDOVIR01,172.29.10.195
SI114,PÁGINA MI INVENTARIO,N/A,PREPRODUCCIÓN,VSPPAPMINV01,VSPPAPMINV01,172.30.164.60
SI146,JASPER,N/A,PREPRODUCCIÓN,VSPPAPJASP02,VSPPAPJASP02,172.30.164.71
SI114,PÁGINA MI INVENTARIO,N/A,PRODUCCIÓN,VSPDAPMINV01,VSPDAPMINV01,172.30.163.131
SI114,PÁGINA MI INVENTARIO,N/A,PRODUCCIÓN,VSPDAPMINV02,VSPDAPMINV02,172.30.163.132
SI161,PLAN DE ACCIÓN - WEB OPERATIVA,N/A,PREPRODUCCIÓN,VSPPAPPLANA01,VSPPAPPLANA01,172.30.164.62
SI161,PLAN DE ACCIÓN - WEB OPERATIVA,N/A,PREPRODUCCIÓN,VSPPBDPLANA01,VSPPBDPLANA01,172.31.4.160
SI002,PLANILLA INTEGRAL CARTERA,VSPPWEBKACT01,PRODUCCIÓN,VSPLANAPP01,VSPLANAPP01,172.29.18.39
SI002,PLANILLA INTEGRAL CARTERA,N/A,PRODUCCIÓN,VSPLANAPP02,VSPLANAPP02,172.29.18.40
SI002,PLANILLA INTEGRAL CARTERA,N/A,PRODUCCIÓN,VSPDBDPLAN01,VSPDBDPLAN01,172.29.10.200
SI002,PLANILLA INTEGRAL CARTERA,N/A,PRODUCCIÓN,VSPDBDPLAN02,VSPDBDPLAN02,172.29.10.201
SI078,PORTAL PQRSD,N/A,PRODUCCIÓN,VSPDAPPQRS01,VSPDAPPQRS01,172.30.163.151
SI078,PORTAL PQRSD,N/A,PRODUCCIÓN,VSPDAPPQRS02,VSPDAPPQRS02,172.30.163.152
SI004,KACTUS,N/A,PREPRODUCCIÓN,VSPPBDKACTUS02,VSPPBDKACTUS02,172.31.4.182
SI078,PORTAL PQRSD,N/A,PREPRODUCCIÓN,VSSACPRE01,VSSACPRE01,172.29.33.143
SI013,PORTAL WEB INSTITUCIONAL,N/A,PREPRODUCCIÓN,PRU-BDPORTALSQL,PRU-BDPORTALSQL,172.29.35.159
SI013,PORTAL WEB INSTITUCIONAL,N/A,PRODUCCIÓN,VSPORTALAPP01,VSPORTALAPP01,172.29.19.230
SI013,PORTAL WEB INSTITUCIONAL,N/A,PRODUCCIÓN,VSPORTALAPP02,VSPORTALAPP02,172.29.19.231
SI013,PORTAL WEB INSTITUCIONAL,N/A,PRODUCCIÓN,VSPORTALAPP03,VSPORTALAPP03,172.29.19.232
SI013,PORTAL WEB INSTITUCIONAL,N/A,PRODUCCIÓN,VSPORTALBUS01,VSPORTALBUS01,172.29.19.233
SI013,PORTAL WEB INSTITUCIONAL,N/A,PRODUCCIÓN,VSPORTALFRONT01,VSPORTALFRONT01,172.29.18.89
SI013,PORTAL WEB INSTITUCIONAL,N/A,PRODUCCIÓN,VSPORTALFRONT02,VSPORTALFRONT02,172.29.18.90
SI013,PORTAL WEB INSTITUCIONAL,N/A,PRODUCCIÓN,VSPORTALFRONT03,VSPORTALFRONT03,172.29.18.48
SI013,PORTAL WEB INSTITUCIONAL,N/A,PRODUCCIÓN,VSPORTALFRONT04,VSPORTALFRONT04,172.29.18.49
SI013,PORTAL WEB INSTITUCIONAL,WEB,PRODUCCIÓN,VSPORTALBD01,VSPORTALBD01,172.29.11.99
SI013,PORTAL WEB INSTITUCIONAL,WEB,PRODUCCIÓN,VSPORTALBD02,VSPORTALBD02,172.29.11.100
SI140,PROYECTO GESTIÓN DE CONOCIMIENTO,N/A,PRODUCCIÓN,VSPROGESCONDB01,VSPROGESCONDB01,172.29.11.36
SI140,PROYECTO GESTIÓN DE CONOCIMIENTO,SHAREPOINT,PREPRODUCCIÓN,VSPPAPGESCON01,VSPPAPGESCON01,172.29.35.201
SI140,PROYECTO GESTIÓN DE CONOCIMIENTO,SHAREPOINT,PREPRODUCCIÓN,VSPPBDGESCON01,VSPPBDGESCON01,172.29.35.202
SI140,PROYECTO GESTIÓN DE CONOCIMIENTO,SHAREPOINT,PRODUCCIÓN,VSPROGESCONBQ01,VSPROGESCONBQ01,172.29.19.213
SI140,PROYECTO GESTIÓN DE CONOCIMIENTO,SHAREPOINT,PRODUCCIÓN,VSPROGESCONBQ02,VSPROGESCONBQ02,172.29.19.214
SI140,PROYECTO GESTIÓN DE CONOCIMIENTO,SHAREPOINT,PRODUCCIÓN,VSPROGESCONCD01,VSPROGESCONCD01,172.29.19.246
SI140,PROYECTO GESTIÓN DE CONOCIMIENTO,SHAREPOINT,PRODUCCIÓN,VSPROGESCONCD02,VSPROGESCONCD02,172.29.19.247
SI140,PROYECTO GESTIÓN DE CONOCIMIENTO,SHAREPOINT,PRODUCCIÓN,VSPROGESCONDB02,VSPROGESCONDB02,172.29.11.40
SI140,PROYECTO GESTIÓN DE CONOCIMIENTO,SHAREPOINT,PRODUCCIÓN,VSPROGESCONDB03,VSPROGESCONDB03,172.29.11.45
SI140,PROYECTO GESTIÓN DE CONOCIMIENTO,SHAREPOINT,PRODUCCIÓN,VSPROGESCONFE01,VSPROGESCONFE01,172.29.19.248
SI140,PROYECTO GESTIÓN DE CONOCIMIENTO,SHAREPOINT,PRODUCCIÓN,VSPROGESCONFE02,VSPROGESCONFE02,172.29.19.249
SI106,REDMINE,N/A,PREPRODUCCIÓN,VSPPAPRMINE01,VSPPAPRMINE01,172.30.164.107
SI106,REDMINE,N/A,PRODUCCIÓN,VSREDMINEAPP01,VSREDMINEAPP01,172.29.19.245
SI110,REPOSITORIO SVN DESARROLLOS,N/A,PREPRODUCCIÓN,VSPPAPSVN01,VSPPAPSVN01,172.30.164.140
SI110,REPOSITORIO SVN DESARROLLOS,N/A,PRODUCCIÓN,VSPDAPSVN01,VSPDAPSVN01,172.30.163.34
SI181,RODOLFO,N/A,PREPRODUCCIÓN,VSPPAPRDOLF01,VSPPAPRDOLF01,172.30.164.106
SI181,RODOLFO,N/A,PREPRODUCCIÓN,VSPPBDRDOLF01,VSPPBDRDOLF01,172.31.4.172
SI181,RODOLFO,N/A,PRODUCCIÓN,VSPDAPRDOLF01,VSPDAPRDOLF01,172.30.163.134
SI181,RODOLFO,N/A,PRODUCCIÓN,VSPDBDRDOLF01,VSPDBDRDOLF01,172.31.4.86
SI175,MANTUM COMPUTER MANAGEMENT MAINTENANCE SYSTEM (CMMS),N/A,PRODUCCIÓN,VSPDAPCMMS01,VSPDAPCMMS01,172.29.19.145
SI175,MANTUM COMPUTER MANAGEMENT MAINTENANCE SYSTEM (CMMS),N/A,PRODUCCIÓN,VSPDAPCMMS02,VSPDAPCMMS02,172.29.19.146
SI175,MANTUM COMPUTER MANAGEMENT MAINTENANCE SYSTEM (CMMS),N/A,PRODUCCIÓN,VSPDBDCMMS01,VSPDBDCMMS01,172.29.11.16
SI175,MANTUM COMPUTER MANAGEMENT MAINTENANCE SYSTEM (CMMS),N/A,PRODUCCIÓN,VSPDBDCMMS02,VSPDBDCMMS02,172.29.11.17
SI175,MANTUM COMPUTER MANAGEMENT MAINTENANCE SYSTEM (CMMS),N/A,PRODUCCIÓN,VSPDFSCMMS01,VSPDFSCMMS01,172.29.19.200
SI104,SEDE ELECTRÓNICA,N/A,PRODUCCIÓN,sc01zdbadm21,N/A,172.29.10.80
SI104,SEDE ELECTRÓNICA,N/A,PRODUCCIÓN,sc01zdbadm09,N/A,172.29.10.58
HT015,SEDE ELECTRÓNICA COMPONENTE TRÁMITES,N/A,DESARROLLO,VSDEAPSECT01,VSDEAPSECT01,172.30.176.136
HT015,SEDE ELECTRÓNICA COMPONENTE TRÁMITES,N/A,PREPRODUCCIÓN,VSPPAPSECT01,VSPPAPSECT01,172.30.164.150
HT015,SEDE ELECTRÓNICA COMPONENTE TRÁMITES,N/A,PRODUCCIÓN,VSPDAPSECT01,VSPDAPSECT01,172.30.163.221
HT015,SEDE ELECTRÓNICA COMPONENTE TRÁMITES,N/A,PRODUCCIÓN,VSPDAPSECT02,VSPDAPSECT02,172.30.163.222
HT015,SEDE ELECTRÓNICA COMPONENTE TRÁMITES,N/A,PRODUCCIÓN,VSPDAPSECT03,VSPDAPSECT03,172.30.163.223
HT015,SEDE ELECTRÓNICA COMPONENTE TRÁMITES,N/A,PRODUCCIÓN,VSPDAPSECT04,VSPDAPSECT04,172.30.163.224
HT015,SEDE ELECTRÓNICA COMPONENTE TRÁMITES,N/A,PRODUCCIÓN,VSPDAPSECT05,VSPDAPSECT05,172.30.163.225
HT015,SEDE ELECTRÓNICA COMPONENTE TRÁMITES,N/A,PRODUCCIÓN,VSPDAPSECT06,VSPDAPSECT06,172.30.163.226
HT015,SEDE ELECTRÓNICA COMPONENTE TRÁMITES,N/A,PRODUCCIÓN,VSPDBDSECT02,VSPDBDSECT02,172.31.4.97
HT015,SEDE ELECTRÓNICA COMPONENTE TRÁMITES,SEDELE,PRODUCCIÓN,VSPDBDSECT01,VSPDBDSECT01,172.31.4.91
N/A,SENA PRUEBAS,N/A,PREPRODUCCIÓN,PRU-ANACOESQL01,PRU-ANACOESQL01,172.29.35.122
SI182,MODELO DE ORIENTACION VOCACIONAL Y OCUPACIONAL (MVO),N/A,PRODUCCIÓN,VSPDAPMVO01,VSPDAPMVO01,172.30.163.75
SQL Server 2014 RTM,SENA PRUEBAS,N/A,PREPRODUCCIÓN,VSPPAPSPRUSQL01,VSPPAPSPRUSQL01,172.29.35.120
N/A,SENA PRUEBAS,N/A,PREPRODUCCIÓN,PRU-MISENABD01,PRU-MISENABD01,172.29.35.195
N/A,SENA PRUEBAS,N/A,PREPRODUCCIÓN,VSPPAPCMSAPE01,VSPPAPCMSAPE01,172.29.33.195
SI182,MODELO DE ORIENTACION VOCACIONAL Y OCUPACIONAL (MVO),N/A,PRODUCCIÓN,VSPDAPMVO02,VSPDAPMVO02,172.30.163.76
SI182,MODELO DE ORIENTACION VOCACIONAL Y OCUPACIONAL (MVO),N/A,PRODUCCIÓN,VSPDAPMVO03,VSPDAPMVO03,172.30.163.77
SI182,MODELO DE ORIENTACION VOCACIONAL Y OCUPACIONAL (MVO),N/A,PRODUCCIÓN,VSPDAPMVO04,VSPDAPMVO04,172.30.163.78
SI174,MOVIL FELIZMENTE,N/A,PRODUCCIÓN,VSPDAPMFELIZ01,VSPDAPMFELIZ01,172.30.163.74
SI146,JASPER,N/A,PRODUCCIÓN,vspdapjas01,VSOBSLABORAL01,172.29.18.13
SI183,OFICINA VIRTUAL DE RADICACIÓN,N/A,PRODUCCIÓN,VSPDBDOVIRT01,VSPDBDOVIRT01,172.31.4.84
SI078,PORTAL PQRSD,N/A,PRODUCCIÓN,VSPDBDPQRS01,VSPDBDPQRS01,172.31.4.102
SI078,PORTAL PQRSD,N/A,PRODUCCIÓN,VSPDBDPQRS02,VSPDBDPQRS02,172.31.4.103
SI078,PORTAL PQRSD,N/A,PREPRODUCCIÓN,VSPPBDPQRS01,VSPPBDPQRS01,172.31.4.181
Por validar,REPOSITORIO DE CONTENIDOS,N/A,DESARROLLO,VSDEAPREPCON01,VSDEAPREPCON01,172.30.176.126
Por validar,REPOSITORIO DE CONTENIDOS,N/A,PREPRODUCCIÓN,VSPPAPREPCON01,VSPPAPREPCON01,172.30.164.145
Por validar,REPOSITORIO DE CONTENIDOS,N/A,PREPRODUCCIÓN,VSPPBDREPCON01,VSPPBDREPCON01,172.31.4.174
N/A,SENA PRUEBAS,N/A,PREPRODUCCIÓN,PRUBILINGSQL01,PRUBILINGSQL01,172.29.35.18
SI167,SENA SALUD360,N/A,PRODUCCIÓN,VSPDBDSAL3601,VSPDBDSAL3601,172.29.11.46
SI167,SENA SALUD360,N/A,PRODUCCIÓN,VSPDFSSAL3601,VSPDFSSAL3601,172.29.13.181
SI168,SENASOFT,N/A,PREPRODUCCIÓN,VSPPAPSESOFT01,VSPPAPSESOFT01,172.29.33.199
SI014,SERVICIO MÉDICO ASISTENCIAL (SMA),N/A,PREPRODUCCIÓN,VSPPAPSMA01,VSPPAPSMA01,172.30.164.130
SI014,SERVICIO MÉDICO ASISTENCIAL (SMA),N/A,PRODUCCIÓN,VSPDAPSMA01,VSPDAPSMA01,172.30.163.147
SI014,SERVICIO MÉDICO ASISTENCIAL (SMA),N/A,PRODUCCIÓN,VSPDAPSMA02,VSPDAPSMA02,172.30.163.148
SI014,SERVICIO MÉDICO ASISTENCIAL (SMA),N/A,PRODUCCIÓN,sc01zdbadm12,N/A,172.29.11.37
SI167,SENA SALUD360,N/A,PRODUCCIÓN,VSPDAPSAL3602,VSPDAPSAL3602,172.29.52.21
SI177,SISTEMA EMPRESARIAL DE PROYECTOS (SEP),N/A,PRODUCCIÓN,sc01zdbadm24,N/A,172.29.11.38
N/A,SERVIDOR DE LICENCIAMIENTO,APLICACIÓN DARUMA,PRODUCCIÓN,VSDARUMA01,VSDARUMA01,172.16.2.102
N/A,SERVIDOR DE LICENCIAMIENTO,Aplicación FLEXSIM,PRODUCCIÓN,VSFEXSIM01,VSFEXSIM01,172.16.2.103
N/A,SERVIDOR DE LICENCIAMIENTO,AUTODESK,PRODUCCIÓN,VSPDAPAUTOD01,VSPDAPAUTOD01,172.16.2.122
N/A,SERVIDOR DE LICENCIAMIENTO,"Autogem
Audaces
Labview 2017
Multisim
MasterdCamX7",PRODUCCIÓN,PSDIGCONTAB01,N/A,172.16.2.125
N/A,SERVIDOR DE LICENCIAMIENTO,GEOMAGIC,PRODUCCIÓN,VSPDAPGMGIC01,VSPDAPGMGIC01,172.30.163.129
HT002,HERRAMIENTA KMS,N/A,PRODUCCIÓN,VSPPAPKMS01,VSPPAPKMS01,172.30.164.76
HT002,HERRAMIENTA KMS,N/A,PRODUCCIÓN,VSPDAPKMS01,VSPDAPKMS01,172.29.19.56
N/A,SERVIDOR DE LICENCIAMIENTO,JAWS & MAGIC,PRODUCCIÓN,VMJAWSMAGIC,VMJAWSMAGIC,172.16.2.98
N/A,SERVIDOR DE LICENCIAMIENTO,N/A,CAPACITACIÓN,VDCAAPLICE01,VDCAAPLICE01,172.30.168.10
N/A,SERVIDOR DE LICENCIAMIENTO,N/A,CAPACITACIÓN,VDCAAPLICE02,VDCAAPLICE02,172.30.168.11
N/A,SERVIDOR DE LICENCIAMIENTO,OPTIPLEX 2D\PROTEUS,PRODUCCIÓN,PSDIGVRMA11,N/A,172.16.2.84
N/A,SERVIDOR DE LICENCIAMIENTO,OPTIPLEX 3D\WILLCOM\PROTEUS\ORCAD\Audaces,PRODUCCIÓN,PSDIGVRMA06,N/A,172.16.2.73
N/A,SERVIDOR DE LICENCIAMIENTO,PROTEUS 8,PRODUCCIÓN,HERACLES03,N/A,172.16.2.18
N/A,SERVIDOR DE LICENCIAMIENTO,PROTEUS 8,PRODUCCIÓN,VMSTATION3,VMStation3,172.16.2.86
N/A,SERVIDOR DE LICENCIAMIENTO,VENTSIM,PRODUCCIÓN,VSVENTSIM,VSVENTSIM,172.16.2.150
SI103,SEVEN,N/A,PRODUCCIÓN,VSSEVENPRAPP01,VSSEVENPRAPP01,172.29.19.6
SI103,SEVEN,N/A,PRODUCCIÓN,VSSEVENAPP01,VSSEVENAPP01,172.29.19.2
SI103,SEVEN,N/A,PRODUCCIÓN,VSSEVENAPP02,VSSEVENAPP02,172.29.19.3
SI103,SEVEN,N/A,PRODUCCIÓN,VSSEVENAPP03,VSSEVENAPP03,172.29.19.4
SI167,SENA SALUD360,N/A,PRODUCCIÓN,VSPDAPSAL3601,VSPDAPSAL3601,172.29.52.22
SI103,SEVEN,N/A,PRODUCCIÓN,VSSEVENNRAPP01,VSSEVENNRAPP01,172.29.19.8
SI103,SEVEN,N/A,PRODUCCIÓN,VSSEVENNRAPP02,VSSEVENNRAPP02,172.29.19.9
SI103,SEVEN,N/A,PRODUCCIÓN,VSSEVENPRAPP02,VSSEVENPRAPP02,172.29.19.7
SI018,SISTEMA ADMINISTRATIVO ORIONS,N/A,PRODUCCIÓN,VSORIONSAPP01,VSORIONSAPP01,172.29.18.77
SI018,SISTEMA ADMINISTRATIVO ORIONS,N/A,PRODUCCIÓN,VSORIONSAPP02,VSORIONSAPP02,172.29.18.78
SI136,SISTEMA AUTO AUDITORIA DE CONTROL INTERNO (AUTOAUDIT),N/A,PRODUCCIÓN,VMDIGAUTADSQL01,VMDIGAUTADSQL01,172.16.2.107
SI136,SISTEMA AUTO AUDITORIA DE CONTROL INTERNO (AUTOAUDIT),N/A,DESARROLLO,VSDEBDAUDIT01,VSDEBDAUDIT01,172.30.162.156
SI136,SISTEMA AUTO AUDITORIA DE CONTROL INTERNO (AUTOAUDIT),N/A,PREPRODUCCIÓN,VSPPBDAUDIT01,VSPPBDAUDIT01,172.31.4.176
SI136,SISTEMA AUTO AUDITORIA DE CONTROL INTERNO (AUTOAUDIT),N/A,PRODUCCIÓN,VSPDBDAUDIT01,VSPDBDAUDIT01,172.31.4.28
HT010,SENADATA,N/A,DESARROLLO,VSDEAPGOBDA05,VSDEAPGOBDA05,172.30.176.60
HT010,SENADATA,N/A,PREPRODUCCIÓN,VSPPAPGOBDA01,VSPPAPGOBDA01,172.30.164.68
HT010,SENADATA,N/A,PREPRODUCCIÓN,vsppapbogda02,VSPPAPGOBDA02,172.30.164.69
HT010,SENADATA,N/A,PREPRODUCCIÓN,VSPPBDORCL01,VSPPBDORCL01,172.31.4.170
SI165,SISTEMA DE ADMINISTRACIÓN DE DATOS MAESTROS (SADAM),INFORMÁTICA MASTER DATA MANAGEMENT MULTIDOMAIN,PRODUCCIÓN,sc01zdbadm22,N/A,172.29.10.179
HT012,GESTIÓN ACELERADORES Y ESTRATEGIAS (GAE),INFORMÁTICA MASTER DATA MANAGEMENT MULTIDOMAIN,PRODUCCIÓN,sc01zdbadm22,N/A,172.29.10.179
SI165,SISTEMA DE ADMINISTRACIÓN DE DATOS MAESTROS (SADAM),N/A,PRODUCCIÓN,sc01zdbadm10,N/A,172.29.10.59
HT012,GESTIÓN ACELERADORES Y ESTRATEGIAS (GAE),N/A,PRODUCCIÓN,sc01zdbadm10,N/A,172.29.10.59
HT014,SOLUCIÓN ANALÍTICA DATOS ABIERTOS,N/A,PREPRODUCCIÓN,VSPPBDORCL01,VSPPBDORCL01,172.31.4.170
HT014,SOLUCIÓN ANALÍTICA DATOS ABIERTOS,N/A,PRODUCCIÓN,VSPDBDGOBDA01,VSPDBDGOBDA01,172.31.4.83
SI022,SISTEMA DE EVALUACIÓN Y CERTIFICACIÓN DE COMPETENCIAS LABORALES (SECCL),N/A,PREPRODUCCIÓN,PRU-VSSECCLBD02,PRU-VSSECCLBD02,172.29.33.228
HT010,SENADATA,N/A,PRODUCCIÓN,VSPDBDGOBDA01,VSPDBDGOBDA01,172.31.4.83
SI168,SENASOFT,N/A,DESARROLLO,VSDEAPSSOFT01,VSDEAPSSOFT01,172.30.176.94
SI168,SENASOFT,N/A,PREPRODUCCIÓN,PRU-SENASOFTWEB01,PRU-SENASOFTWEB01,172.29.35.97
SI168,SENASOFT,N/A,PRODUCCIÓN,VSPDWEBSOFT01,VSPDWEBSOFT01,172.29.19.160
SI103,SEVEN,N/A,PRODUCCIÓN,VSSEVENBD01,VSSEVENBD01,172.29.11.112
SI103,SEVEN,N/A,PRODUCCIÓN,VSSEVENBD02,VSSEVENBD02,172.29.11.113
SI165,SISTEMA DE ADMINISTRACIÓN DE DATOS MAESTROS (SADAM),INFORMÁTICA DATA QUALITY GOVERANCE EDITION,PRODUCCIÓN,VSGOVAPP01,VSGOVAPP01,172.29.19.140
SI022,SISTEMA DE EVALUACIÓN Y CERTIFICACIÓN DE COMPETENCIAS LABORALES (SECCL),N/A,PRODUCCIÓN,PSNMVBOGSECCLBD,PSNMVBOGSECCLBD,172.29.33.130
SI165,SISTEMA DE ADMINISTRACIÓN DE DATOS MAESTROS (SADAM),INFORMÁTICA MASTER DATA MANAGEMENT MULTIDOMAIN,PRODUCCIÓN,VSGOVAPP03,VSGOVAPP03,172.29.19.142
SI165,SISTEMA DE ADMINISTRACIÓN DE DATOS MAESTROS (SADAM),INFORMÁTICA MASTER DATA MANAGEMENT MULTIDOMAIN,PRODUCCIÓN,VSGOVAPP04,VSGOVAPP04,172.29.19.143
SI165,SISTEMA DE ADMINISTRACIÓN DE DATOS MAESTROS (SADAM),INFORMÁTICA POWER CENTER ADVANCED EDITION,DESARROLLO,VSDEAPSADAM01,VSDEAPSADAM01,172.30.176.137
SI165,SISTEMA DE ADMINISTRACIÓN DE DATOS MAESTROS (SADAM),INFORMÁTICA POWER CENTER ADVANCED EDITION,DESARROLLO,VSDEAPSADAM02,VSDEAPSADAM02,172.30.176.138
SI165,SISTEMA DE ADMINISTRACIÓN DE DATOS MAESTROS (SADAM),INFORMÁTICA POWER CENTER ADVANCED EDITION,DESARROLLO,VSDEAPSADAM03,VSDEAPSADAM03,172.30.176.139
SI165,SISTEMA DE ADMINISTRACIÓN DE DATOS MAESTROS (SADAM),INFORMÁTICA POWER CENTER ADVANCED EDITION,PRODUCCIÓN,VSGOVAPP02,VSGOVAPP02,172.29.19.141
SI022,SISTEMA DE EVALUACIÓN Y CERTIFICACIÓN DE COMPETENCIAS LABORALES (SECCL),N/A,PRODUCCIÓN,VSSECCLAPP01,VSSECCLAPP01,172.29.18.46
SI022,SISTEMA DE EVALUACIÓN Y CERTIFICACIÓN DE COMPETENCIAS LABORALES (SECCL),N/A,PRODUCCIÓN,VSSECCLAPP02,VSSECCLAPP02,172.29.18.47
SI022,SISTEMA DE EVALUACIÓN Y CERTIFICACIÓN DE COMPETENCIAS LABORALES (SECCL),N/A,PRODUCCIÓN,VSSECCLBD01,VSSECCLBD01,172.29.11.126
SI022,SISTEMA DE EVALUACIÓN Y CERTIFICACIÓN DE COMPETENCIAS LABORALES (SECCL),N/A,PRODUCCIÓN,VSSECCLBD02,VSSECCLBD02,172.29.11.135
SI022,SISTEMA DE EVALUACIÓN Y CERTIFICACIÓN DE COMPETENCIAS LABORALES (SECCL),N/A,PRODUCCIÓN,VSSECCLTASK01,VSSECCLTASK01,172.29.19.187
SI021,SISTEMA DE GESTIÓN DE CENTROS (SGC),N/A,PREPRODUCCIÓN,VSPPAPSGC01,VSPPAPSGC01,172.30.164.64
SI021,SISTEMA DE GESTIÓN DE CENTROS (SGC),N/A,PRODUCCIÓN,VSSGCAPP01,VSSGCAPP01,172.29.19.81
SI021,SISTEMA DE GESTIÓN DE CENTROS (SGC),N/A,PRODUCCIÓN,VSSGCAPP02,VSSGCAPP02,172.29.19.82
SI021,SISTEMA DE GESTIÓN DE CENTROS (SGC),N/A,PRODUCCIÓN,VSSGCAPP03,VSSGCAPP03,172.29.18.79
SI021,SISTEMA DE GESTIÓN DE CENTROS (SGC),N/A,PRODUCCIÓN,VSSGCAPP04,VSSGCAPP04,172.29.18.80
SI091,SISTEMA DE LA DIRECCIÓN DE FORMACIÓN PARA EL TRABAJO (DSNFT),N/A,DESARROLLO,VSDEAPDSNFT01,VSDEAPDSNFT01,172.29.35.252
SI007,SISTEMA DE INFORMACIÓN DE GESTIÓN VIRTUAL DE APRENDICES (SGVA),N/A,PREPRODUCCIÓN,VSPPAPSGVA01,VSPPAPSGVA01,172.30.164.74
SI007,SISTEMA DE INFORMACIÓN DE GESTIÓN VIRTUAL DE APRENDICES (SGVA),N/A,PREPRODUCCIÓN,VSPPBDSGVA01,VSPPBDSGVA01,172.31.4.161
SI007,SISTEMA DE INFORMACIÓN DE GESTIÓN VIRTUAL DE APRENDICES (SGVA),N/A,PRODUCCIÓN,VSPDAPSGVA01,VSPDAPSGVA01,172.29.19.30
SI007,SISTEMA DE INFORMACIÓN DE GESTIÓN VIRTUAL DE APRENDICES (SGVA),N/A,PRODUCCIÓN,VSPDAPSGVA02,VSPDAPSGVA02,172.29.19.31
SI022,SISTEMA DE EVALUACIÓN Y CERTIFICACIÓN DE COMPETENCIAS LABORALES (SECCL),N/A,PREPRODUCCIÓN,VSPPAPSECCL03,VSPPAPSECCL03,172.29.35.228
SI034 - 2,AGENCIA PÚBLICA DE EMPLEO (TRANSACCIONAL),TRANSACCIONAL,PRODUCCIÓN,Sc01iod1z12,N/A,172.29.18.32
SI034 - 2,AGENCIA PÚBLICA DE EMPLEO (TRANSACCIONAL),TRANSACCIONAL,PRODUCCIÓN,sc01iod1z01,N/A,172.29.18.50
SI034 - 2,AGENCIA PÚBLICA DE EMPLEO (TRANSACCIONAL),TRANSACCIONAL,PRODUCCIÓN,sc01iod1z02,N/A,172.29.18.51
SI034 - 2,AGENCIA PÚBLICA DE EMPLEO (TRANSACCIONAL),TRANSACCIONAL,PRODUCCIÓN,sc01iod1z07,N/A,172.29.18.23
SI034 - 2,AGENCIA PÚBLICA DE EMPLEO (TRANSACCIONAL),TRANSACCIONAL,PRODUCCIÓN,sc01iod2z08,N/A,172.29.18.24
SI034 - 2,AGENCIA PÚBLICA DE EMPLEO (TRANSACCIONAL),TRANSACCIONAL,PRODUCCIÓN,sc01iod2z10,N/A,172.29.18.22
SI034 - 2,AGENCIA PÚBLICA DE EMPLEO (TRANSACCIONAL),TRANSACCIONAL,PRODUCCIÓN,sc01iomgt0101,N/A,172.29.11.221
SI034 - 2,AGENCIA PÚBLICA DE EMPLEO (TRANSACCIONAL),TRANSACCIONAL,PRODUCCIÓN,sc01iomgt0201,N/A,172.29.11.222
SI034 - 2,AGENCIA PÚBLICA DE EMPLEO (TRANSACCIONAL),TRANSACCIONAL,PRODUCCIÓN,sc01zdbadm07,N/A,172.29.10.57
SI034 - 2,AGENCIA PÚBLICA DE EMPLEO (TRANSACCIONAL),TRANSACCIONAL,PRODUCCIÓN,sc01zdbadm19,N/A,172.29.10.79
SI022,SISTEMA DE EVALUACIÓN Y CERTIFICACIÓN DE COMPETENCIAS LABORALES (SECCL),N/A,PREPRODUCCIÓN,VSPPAPSECCL04,VSPPAPSECCL04,172.30.164.131
SI034 - 1,AGENCIA PÚBLICA DE EMPLEO (PORTAL),N/A,DESARROLLO,VSDEAPAPESH01,VSDEAPAPESH01,172.30.176.79
SI034 - 1,AGENCIA PÚBLICA DE EMPLEO (PORTAL),N/A,PREPRODUCCIÓN,VSPPAPAPESH01,VSPPAPAPESH01,172.30.164.109
SI034 - 1,AGENCIA PÚBLICA DE EMPLEO (PORTAL),SHAREPOINT,PRODUCCIÓN,VSPDAPSPAPE01,VSPDAPSPAPE01,172.30.163.113
SI034 - 1,AGENCIA PÚBLICA DE EMPLEO (PORTAL),SHAREPOINT,PRODUCCIÓN,VSPDAPSPAPE02,VSPDAPSPAPE02,172.30.163.114
SI034 - 1,AGENCIA PÚBLICA DE EMPLEO (PORTAL),SHAREPOINT,PRODUCCIÓN,VSPDAPSPAPE03,VSPDAPSPAPE03,172.30.163.115
SI034 - 1,AGENCIA PÚBLICA DE EMPLEO (PORTAL),SHAREPOINT,PRODUCCIÓN,VSPDAPSPAPE04,VSPDAPSPAPE04,172.30.163.116
SI034 - 1,AGENCIA PÚBLICA DE EMPLEO (PORTAL),SHAREPOINT,PRODUCCIÓN,VSPDAPSPAPE05,VSPDAPSPAPE05,172.30.163.136
SI034 - 1,AGENCIA PÚBLICA DE EMPLEO (PORTAL),SHAREPOINT,PRODUCCIÓN,VSPDAPSPAPE06,VSPDAPSPAPE06,172.30.163.137
SI034 - 1,AGENCIA PÚBLICA DE EMPLEO (PORTAL),SHAREPOINT,PRODUCCIÓN,VSPDAPSPAPE07,VSPDAPSPAPE07,172.30.163.138
SI034 - 1,AGENCIA PÚBLICA DE EMPLEO (PORTAL),SHAREPOINT,PRODUCCIÓN,VSPDAPSPAPE08,VSPDAPSPAPE08,172.30.163.139
SI034 - 1,AGENCIA PÚBLICA DE EMPLEO (PORTAL),SHAREPOINT,PRODUCCIÓN,VSPDAPSPAPE09,VSPDAPSPAPE09,172.30.163.140
SI034 - 1,AGENCIA PÚBLICA DE EMPLEO (PORTAL),SHAREPOINT,PRODUCCIÓN,VSPDAPSPAPE10,VSPDAPSPAPE10,172.30.163.141
SI034 - 1,AGENCIA PÚBLICA DE EMPLEO (PORTAL),SHAREPOINT,PRODUCCIÓN,VSPDAPSPAPE11,VSPDAPSPAPE11,172.30.163.142
SI034 - 1,AGENCIA PÚBLICA DE EMPLEO (PORTAL),SHAREPOINT,PRODUCCIÓN,VSPDAPSPAPE12,VSPDAPSPAPE12,172.30.163.181
SI034 - 1,AGENCIA PÚBLICA DE EMPLEO (PORTAL),SHAREPOINT,PRODUCCIÓN,VSPDAPSPAPE13,VSPDAPSPAPE13,172.30.163.182
SI034 - 1,AGENCIA PÚBLICA DE EMPLEO (PORTAL),SHAREPOINT,PRODUCCIÓN,VSPDAPSPAPE14,VSPDAPSPAPE14,172.30.163.183
SI034 - 1,AGENCIA PÚBLICA DE EMPLEO (PORTAL),SHAREPOINT,PRODUCCIÓN,VSPDAPSPAPE15,VSPDAPSPAPE15,172.30.163.184
SI034 - 1,AGENCIA PÚBLICA DE EMPLEO (PORTAL),SHAREPOINT,PRODUCCIÓN,VSPDAPSPAPE16,VSPDAPSPAPE16,172.30.163.185
SI034 - 1,AGENCIA PÚBLICA DE EMPLEO (PORTAL),SHAREPOINT,PRODUCCIÓN,VSPDAPSPAPE17,VSPDAPSPAPE17,172.30.163.186
SI034 - 1,AGENCIA PÚBLICA DE EMPLEO (PORTAL),SHAREPOINT,PRODUCCIÓN,VSPDAPSPAPE18,VSPDAPSPAPE18,172.30.163.187
SI034 - 1,AGENCIA PÚBLICA DE EMPLEO (PORTAL),SHAREPOINT,PRODUCCIÓN,VSPDAPSPAPE19,VSPDAPSPAPE19,172.30.163.188
SI034 - 1,AGENCIA PÚBLICA DE EMPLEO (PORTAL),SHAREPOINT,PRODUCCIÓN,VSPDAPSPAPE20,VSPDAPSPAPE20,172.30.163.189
SI034 - 1,AGENCIA PÚBLICA DE EMPLEO (PORTAL),SHAREPOINT,PRODUCCIÓN,VSPDAPSPAPE21,VSPDAPSPAPE21,172.30.163.190
SI034 - 1,AGENCIA PÚBLICA DE EMPLEO (PORTAL),SHAREPOINT,PRODUCCIÓN,VSPDAPSPAPE22,VSPDAPSPAPE22,172.30.163.191
SI034 - 1,AGENCIA PÚBLICA DE EMPLEO (PORTAL),SHAREPOINT,PRODUCCIÓN,VSPDAPSPAPE23,VSPDAPSPAPE23,172.30.163.192
SI034 - 1,AGENCIA PÚBLICA DE EMPLEO (PORTAL),SHAREPOINT,PRODUCCIÓN,VSPDAPSPAPE24,VSPDAPSPAPE24,172.30.163.193
SI034 - 1,AGENCIA PÚBLICA DE EMPLEO (PORTAL),SHAREPOINT,PRODUCCIÓN,VSPDBDSPAPE01,VSPDBDSPAPE01,172.31.4.79
SI034 - 1,AGENCIA PÚBLICA DE EMPLEO (PORTAL),SHAREPOINT,PRODUCCIÓN,VSPDBDSPAPE02,VSPDBDSPAPE02,172.31.4.80
SI034 - 1,AGENCIA PÚBLICA DE EMPLEO (PORTAL),WIKI,DESARROLLO,VSDEAPWKAPE01,VSDEAPWKAPE01,172.30.176.86
SI034 - 1,AGENCIA PÚBLICA DE EMPLEO (PORTAL),WIKI,DESARROLLO,VSDEBDWKAPE01,VSDEBDWKAPE01,172.30.162.152
SI034 - 1,AGENCIA PÚBLICA DE EMPLEO (PORTAL),WIKI,PREPRODUCCIÓN,VSPPAPWKAPE01,VSPPAPWKAPE01,172.30.164.110
SI034 - 1,AGENCIA PÚBLICA DE EMPLEO (PORTAL),WIKI,PREPRODUCCIÓN,VSPPBDWKAPE01,VSPPBDWKAPE01,172.31.4.169
SI034 - 1,AGENCIA PÚBLICA DE EMPLEO (PORTAL),WIKI,PRODUCCIÓN,VSPDAPWKAPE01,VSPDAPWKAPE01,172.30.163.109
SI034 - 1,AGENCIA PÚBLICA DE EMPLEO (PORTAL),WIKI,PRODUCCIÓN,VSPDBDWKAPE01,VSPDBDWKAPE01,172.31.4.78
SI034 - 1,AGENCIA PÚBLICA DE EMPLEO (PORTAL),N/A,DESARROLLO,VSDEAPAPETR01,VSDEAPAPETR01,172.30.176.142
SI034 - 2,AGENCIA PÚBLICA DE EMPLEO (TRANSACCIONAL),TRANSACCIONAL,DESARROLLO,VSDEBDAPETR01,VSDEBDAPETR01,172.30.162.163
SI034 - 2,AGENCIA PÚBLICA DE EMPLEO (TRANSACCIONAL),N/A,PREPRODUCCIÓN,VSPPAPAPETR01,VSPPAPAPETR01,172.30.164.83
SI034 - 2,AGENCIA PÚBLICA DE EMPLEO (TRANSACCIONAL),TRANSACCIONAL,PREPRODUCCIÓN,VSPPBDAPETR01,VSPPBDAPETR01,172.31.4.165
SI155,SISTEMA DE INFORMACIÓN CARGUE Y REPORTE EVALUACIÓN DE DESEMPEÑO (SED),N/A,PREPRODUCCIÓN,VSPPAPEVA01,VSPPAPEVA01,172.30.164.30
SI155,SISTEMA DE INFORMACIÓN CARGUE Y REPORTE EVALUACIÓN DE DESEMPEÑO (SED),N/A,PRODUCCIÓN,PRU-EVADESAPP01,PRU-EVADESAPP01,172.29.35.203
SI155,SISTEMA DE INFORMACIÓN CARGUE Y REPORTE EVALUACIÓN DE DESEMPEÑO (SED),N/A,PRODUCCIÓN,VSPDAPEVA01,VSPDAPEVA01,172.30.163.52
SI155,SISTEMA DE INFORMACIÓN CARGUE Y REPORTE EVALUACIÓN DE DESEMPEÑO (SED),N/A,PRODUCCIÓN,VSPDAPEVA02,VSPDAPEVA02,172.30.163.53
SI022,SISTEMA DE EVALUACIÓN Y CERTIFICACIÓN DE COMPETENCIAS LABORALES (SECCL),N/A,PREPRODUCCIÓN,VSPPAPBACKGX01,VSPPAPBACKGX01,172.30.164.136
SI091,SISTEMA DE LA DIRECCIÓN DE FORMACIÓN PARA EL TRABAJO (DSNFT),N/A,PREPRODUCCIÓN,VSPPAPCOMPE01,VSPPAPCOMPE01,172.30.164.37
SI091,SISTEMA DE LA DIRECCIÓN DE FORMACIÓN PARA EL TRABAJO (DSNFT),N/A,PREPRODUCCIÓN,VSPPAPCOMPE02,VSPPAPCOMPE02,172.30.164.52
SI091,SISTEMA DE LA DIRECCIÓN DE FORMACIÓN PARA EL TRABAJO (DSNFT),N/A,DESARROLLO,VSDEAPDSNFT02,VSDEAPDSNFT02,172.29.35.250
SI022,SISTEMA DE EVALUACIÓN Y CERTIFICACIÓN DE COMPETENCIAS LABORALES (SECCL),N/A,PREPRODUCCIÓN,VSPPAPSECCL01,VSPPAPSECCL01,172.30.164.36
SI091,SISTEMA DE LA DIRECCIÓN DE FORMACIÓN PARA EL TRABAJO (DSNFT),N/A,PREPRODUCCIÓN,VSPPAPSECCL02,VSPPAPSECCL02,172.30.164.51
SI091,SISTEMA DE LA DIRECCIÓN DE FORMACIÓN PARA EL TRABAJO (DSNFT),N/A,PRODUCCIÓN,VSPDAPCOMXP01,VSPDAPCOMXP01,172.29.18.57
SI091,SISTEMA DE LA DIRECCIÓN DE FORMACIÓN PARA EL TRABAJO (DSNFT),N/A,PRODUCCIÓN,VSPDAPCOMPE02,VSPDAPCOMPE02,172.29.19.5
SI091,SISTEMA DE LA DIRECCIÓN DE FORMACIÓN PARA EL TRABAJO (DSNFT),N/A,PRODUCCIÓN,VSPDAPCOMPE03,VSPDAPCOMPE03,172.29.19.40
SI094,SISTEMA FONDO NACIONAL DE VIVIENDA DEL SENA,N/A,PREPRODUCCIÓN,VSDEBDORCL01,VSDEBDORCL01,172.30.162.153
SI034 - 1,AGENCIA PÚBLICA DE EMPLEO (PORTAL),N/A,PREPRODUCCIÓN,VSPPAPAPE01,VSPPAPAPE01,172.30.164.44
SI034 - 2,AGENCIA PÚBLICA DE EMPLEO (TRANSACCIONAL),TRANSACCIONAL,PRODUCCIÓN,VSAPEREP01,VSAPEREP01,172.29.18.38
SI139,SISTEMA DE INFORMACIÓN DE ADMINISTRACIÓN Y CONTROL DE BIENES (SACB) ,N/A,PRODUCCIÓN,VSPDAPSACB11,VSPDAPSACB11,172.29.19.198
SI139,SISTEMA DE INFORMACIÓN DE ADMINISTRACIÓN Y CONTROL DE BIENES (SACB) ,N/A,PRODUCCIÓN,VSORIONSBD11,VSORIONSBD11,172.29.11.25
SI184,LICENCIAMIENTO GENEXUS,N/A,PREPRODUCCIÓN,VSPPAPGENX01,VSPPAPGENX01,172.30.164.147
SI117,SISTEMA DE INFORMACIÓN DE CONTRATISTAS (SIC),N/A,PREPRODUCCIÓN,VSPPAPSICON01,VSPPAPSICON01,172.30.164.70
SI111,GXSERVER,N/A,PREPRODUCCIÓN,VSPDAPGENX01,VSPDAPGENX01,172.30.163.42
SI117,SISTEMA DE INFORMACIÓN DE CONTRATISTAS (SIC),N/A,PRODUCCIÓN,VSPDAPSICON01,VSPDAPSICON01,172.30.163.110
SI117,SISTEMA DE INFORMACIÓN DE CONTRATISTAS (SIC),N/A,PRODUCCIÓN,VSPDAPSICON02,VSPDAPSICON02,172.30.163.111
SI117,SISTEMA DE INFORMACIÓN DE CONTRATISTAS (SIC),N/A,PRODUCCIÓN,VSPDAPSICON03,VSPDAPSICON03,172.30.163.112
SI091,SISTEMA DE LA DIRECCIÓN DE FORMACIÓN PARA EL TRABAJO (DSNFT),N/A,PREPRODUCCIÓN,PRU-SNFTDEVAPP01,PRU-SNFTDEVAPP01,172.29.35.125
SI139,SISTEMA DE INFORMACIÓN DE ADMINISTRACIÓN Y CONTROL DE BIENES (SACB) ,N/A,PRODUCCIÓN,VSORIONSBD12,VSORIONSBD12,172.29.11.26
SI139,SISTEMA DE INFORMACIÓN DE ADMINISTRACIÓN Y CONTROL DE BIENES (SACB) ,N/A,PRODUCCIÓN,VSORIONSREP11,VSORIONSREP11,172.29.19.201
SI139,SISTEMA DE INFORMACIÓN DE ADMINISTRACIÓN Y CONTROL DE BIENES (SACB) ,N/A,PRODUCCIÓN,VSPDWEBSACB11,VSPDWEBSACB11,172.29.18.238
SI139,SISTEMA DE INFORMACIÓN DE ADMINISTRACIÓN Y CONTROL DE BIENES (SACB) ,N/A,PRODUCCIÓN,VSPDWEBSACB12,VSPDWEBSACB12,172.29.18.239
SI006,SISTEMA DE INFORMACIÓN DE BIBLIOTECAS - ALEPH500,N/A,PRODUCCIÓN,VSPDBDAPALEPH01,VSPDBDAPALEPH01,172.29.19.218
SI169,SISTEMA DE INFORMACIÓN DE BIBLIOTECAS - EZPROXY,N/A,PRODUCCIÓN,VSEZPROXY01,VSEZPROXY01,172.29.19.94
SI141,SISTEMA DE INFORMACIÓN DE BIBLIOTECAS - OPEN JOURNAL SYSTEM (OJS),N/A,PRODUCCIÓN,VSPDAPOJS01,VSPDAPOJS01,172.29.19.111
SI091,SISTEMA DE LA DIRECCIÓN DE FORMACIÓN PARA EL TRABAJO (DSNFT),N/A,PREPRODUCCIÓN,VSPPAPDSNFT01,VSPPAPDSNFT01,172.30.164.35
SI091,SISTEMA DE LA DIRECCIÓN DE FORMACIÓN PARA EL TRABAJO (DSNFT),N/A,DESARROLLO,VSDEBDDSNFT01,VSDEBDDSNFT01,172.29.33.134
SI091,SISTEMA DE LA DIRECCIÓN DE FORMACIÓN PARA EL TRABAJO (DSNFT),N/A,PREPRODUCCIÓN,VSPPAPDSNFT02,VSPPAPDSNFT02,172.30.164.50
SI178,SISTEMA DE INFORMACIÓN DE LA EJECUCIÓN DE LA FORMACIÓN VIRTUAL (SIEFV),N/A,PRODUCCIÓN,VSPDBDSIEFV01,VSPDBDSIEFV01,172.29.11.23
SI123,SISTEMA DE INFORMACIÓN DE LA ENI (SIENI),N/A,PREPRODUCCIÓN,VSPPAPSIENI01,VSPPAPSIENI01,172.29.35.140
SI123,SISTEMA DE INFORMACIÓN DE LA ENI (SIENI),N/A,PRODUCCIÓN,VSPDBDSIEN01,VSPDBDSIEN01,172.29.11.209
SI123,SISTEMA DE INFORMACIÓN DE LA ENI (SIENI),N/A,PRODUCCIÓN,VSPDAPSIEN01,VSPDAPSIEN01,172.29.19.171
SI123,SISTEMA DE INFORMACIÓN DE LA ENI (SIENI),N/A,PRODUCCIÓN,VSPDAPSIEN02,VSPDAPSIEN02,172.29.19.172
SI123,SISTEMA DE INFORMACIÓN DE LA ENI (SIENI),N/A,PREPRODUCCIÓN,PSNMVBOGGXRPT,PSNMVBOGGXRPT,172.29.33.168
SI179,SISTEMA DE INFORMACION DE PERMISOS SINDICALES (SIPS),N/A,PREPRODUCCIÓN,VSPPAPSIND01,VSPPAPSIND01,172.30.164.29
SI179,SISTEMA DE INFORMACION DE PERMISOS SINDICALES (SIPS),N/A,PRODUCCIÓN,VSPDAPSIND01,VSPDAPSIND01,172.30.163.50
SI179,SISTEMA DE INFORMACION DE PERMISOS SINDICALES (SIPS),N/A,PRODUCCIÓN,VSPDAPSIND02,VSPDAPSIND02,172.30.163.51
SI091,SISTEMA DE LA DIRECCIÓN DE FORMACIÓN PARA EL TRABAJO (DSNFT),N/A,PREPRODUCCIÓN,VSPPAPDSNFT04,VSPPAPDSNFT04,172.30.164.135
SI091,SISTEMA DE LA DIRECCIÓN DE FORMACIÓN PARA EL TRABAJO (DSNFT),N/A,PRODUCCIÓN,VSPDAPDSNFT01,VSPDAPDSNFT01,172.29.19.49
SI091,SISTEMA DE LA DIRECCIÓN DE FORMACIÓN PARA EL TRABAJO (DSNFT),N/A,PRODUCCIÓN,VSPDAPDSNFT02,VSPDAPDSNFT02,172.29.19.50
SI091,SISTEMA DE LA DIRECCIÓN DE FORMACIÓN PARA EL TRABAJO (DSNFT),N/A,PRODUCCIÓN,VSPDAPDSNFT07,VSPDAPDSNFT07,172.29.19.103
SI091,SISTEMA DE LA DIRECCIÓN DE FORMACIÓN PARA EL TRABAJO (DSNFT),N/A,PRODUCCIÓN,VSPDAPDSNFT08,VSPDAPDSNFT08,172.29.19.104
SI091,SISTEMA DE LA DIRECCIÓN DE FORMACIÓN PARA EL TRABAJO (DSNFT),N/A,PRODUCCIÓN,VSPDAPDSNFT03,VSPDAPDSNFT03,172.29.19.51
SI091,SISTEMA DE LA DIRECCIÓN DE FORMACIÓN PARA EL TRABAJO (DSNFT),N/A,PRODUCCIÓN,VSPDAPDSNFT04,VSPDAPDSNFT04,172.29.19.52
SI091,SISTEMA DE LA DIRECCIÓN DE FORMACIÓN PARA EL TRABAJO (DSNFT),N/A,PRODUCCIÓN,VSPDAPDSNFT05,VSPDAPDSNFT05,172.29.19.155
SI091,SISTEMA DE LA DIRECCIÓN DE FORMACIÓN PARA EL TRABAJO (DSNFT),N/A,PRODUCCIÓN,VSPDAPDSNFT06,VSPDAPDSNFT06,172.29.19.157
SI178,SISTEMA DE INFORMACIÓN DE LA EJECUCIÓN DE LA FORMACIÓN VIRTUAL (SIEFV),N/A,PRODUCCIÓN,VSPDAPSIEFV01,VSPDAPSIEFV01,172.29.19.147
SI148 -1,"SISTEMA DE INFORMACIÓN DE RECAUDO, CARTERA Y COBRO COACTIVO (SIREC)",N/A,DESARROLLO,VSDEBDSIREC01,VSDEBDSIREC01,172.30.176.135
SI134,SISTEMA DE INFORMACIÓN DISCIPLINARIA (SID3),N/A,PRODUCCIÓN,VMDIGSID01,VMDIGSID01,172.16.2.19
SI134,SISTEMA DE INFORMACIÓN DISCIPLINARIA (SID3),N/A,PRODUCCIÓN,VSPDAPSID01,VSPDAPSID01,172.30.163.146
SI134,SISTEMA DE INFORMACIÓN DISCIPLINARIA (SID3),N/A,PRODUCCIÓN,VSPDBDSID01,VSPDBDSID01,172.31.4.88
SI148 -1,"SISTEMA DE INFORMACIÓN DE RECAUDO, CARTERA Y COBRO COACTIVO (SIREC)",N/A,PREPRODUCCIÓN,VSPPAPCSIR01,VSPPAPCSIR01,172.30.164.129
SI148 -1,"SISTEMA DE INFORMACIÓN DE RECAUDO, CARTERA Y COBRO COACTIVO (SIREC)",N/A,PREPRODUCCIÓN,VSPPAPSIREC01,VSPPAPSIREC01,172.30.164.49
SI148 -1,"SISTEMA DE INFORMACIÓN DE RECAUDO, CARTERA Y COBRO COACTIVO (SIREC)",N/A,PRODUCCIÓN,VSSIRECBD01,VSSIRECBD01,172.29.11.14
SI148 -1,"SISTEMA DE INFORMACIÓN DE RECAUDO, CARTERA Y COBRO COACTIVO (SIREC)",N/A,PRODUCCIÓN,VSPDAPSIREC01,VSPDAPSIREC01,172.29.19.105
SI148 -1,"SISTEMA DE INFORMACIÓN DE RECAUDO, CARTERA Y COBRO COACTIVO (SIREC)",N/A,PRODUCCIÓN,VSPDAPSIREC02,VSPDAPSIREC02,172.29.19.106
SI148 -1,"SISTEMA DE INFORMACIÓN DE RECAUDO, CARTERA Y COBRO COACTIVO (SIREC)",N/A,PRODUCCIÓN,VSSIRECBD02,VSSIRECBD02,172.29.11.15
SI148 -1,"SISTEMA DE INFORMACIÓN DE RECAUDO, CARTERA Y COBRO COACTIVO (SIREC)",N/A,PRODUCCIÓN,VSPDWEBSIREC01,VSPDWEBSIREC01,172.29.19.107
SI148 -1,"SISTEMA DE INFORMACIÓN DE RECAUDO, CARTERA Y COBRO COACTIVO (SIREC)",N/A,PRODUCCIÓN,VSPDWEBSIREC02,VSPDWEBSIREC02,172.29.19.108
SI031,SISTEMA DE INFORMACIÓN OPTIMIZADO PARA LA FORMACIÓN INTEGRAL Y EL APRENDIZAJE ACTIVO (SOFIA PLUS),N/A,PRODUCCIÓN,SOFRELAY01,VSSOFRELAY01,172.29.19.235
SI031,SISTEMA DE INFORMACIÓN OPTIMIZADO PARA LA FORMACIÓN INTEGRAL Y EL APRENDIZAJE ACTIVO (SOFIA PLUS),N/A,DESARROLLO,VSDEAPSOFIA02,VSDEAPSOFIA02,172.30.176.33
SI031,SISTEMA DE INFORMACIÓN OPTIMIZADO PARA LA FORMACIÓN INTEGRAL Y EL APRENDIZAJE ACTIVO (SOFIA PLUS),N/A,CAPACITACIÓN,VSCAPAPSOFIA01,VSCAPAPSOFIA01,172.29.35.160
SI031,SISTEMA DE INFORMACIÓN OPTIMIZADO PARA LA FORMACIÓN INTEGRAL Y EL APRENDIZAJE ACTIVO (SOFIA PLUS),N/A,PREPRODUCCIÓN,VSPPAPSOFIA02,VSPPAPSOFIA02,172.29.35.106
SI031,SISTEMA DE INFORMACIÓN OPTIMIZADO PARA LA FORMACIÓN INTEGRAL Y EL APRENDIZAJE ACTIVO (SOFIA PLUS),N/A,PREPRODUCCIÓN,VSPPSOFRELAY01,VSPPSOFRELAY01,172.30.164.161
SI031,SISTEMA DE INFORMACIÓN OPTIMIZADO PARA LA FORMACIÓN INTEGRAL Y EL APRENDIZAJE ACTIVO (SOFIA PLUS),N/A,PRODUCCIÓN,SFSOFAPP01,N/A,172.29.18.118
SI031,SISTEMA DE INFORMACIÓN OPTIMIZADO PARA LA FORMACIÓN INTEGRAL Y EL APRENDIZAJE ACTIVO (SOFIA PLUS),N/A,PRODUCCIÓN,SFSOFAPP02,N/A,172.29.18.114
SI031,SISTEMA DE INFORMACIÓN OPTIMIZADO PARA LA FORMACIÓN INTEGRAL Y EL APRENDIZAJE ACTIVO (SOFIA PLUS),N/A,PRODUCCIÓN,SFSOFAPP03,N/A,172.29.18.116
SI031,SISTEMA DE INFORMACIÓN OPTIMIZADO PARA LA FORMACIÓN INTEGRAL Y EL APRENDIZAJE ACTIVO (SOFIA PLUS),N/A,PRODUCCIÓN,SFSOFAPP04,N/A,172.29.18.109
SI031,SISTEMA DE INFORMACIÓN OPTIMIZADO PARA LA FORMACIÓN INTEGRAL Y EL APRENDIZAJE ACTIVO (SOFIA PLUS),N/A,PRODUCCIÓN,SFSOFAPP05,N/A,172.29.18.122
SI031,SISTEMA DE INFORMACIÓN OPTIMIZADO PARA LA FORMACIÓN INTEGRAL Y EL APRENDIZAJE ACTIVO (SOFIA PLUS),N/A,PRODUCCIÓN,SFSOFAPP06,N/A,172.29.18.119
SI031,SISTEMA DE INFORMACIÓN OPTIMIZADO PARA LA FORMACIÓN INTEGRAL Y EL APRENDIZAJE ACTIVO (SOFIA PLUS),N/A,PRODUCCIÓN,SFSOFAPP07,N/A,172.29.18.117
SI031,SISTEMA DE INFORMACIÓN OPTIMIZADO PARA LA FORMACIÓN INTEGRAL Y EL APRENDIZAJE ACTIVO (SOFIA PLUS),N/A,PRODUCCIÓN,SFSOFAPP08,N/A,172.29.18.103
SI031,SISTEMA DE INFORMACIÓN OPTIMIZADO PARA LA FORMACIÓN INTEGRAL Y EL APRENDIZAJE ACTIVO (SOFIA PLUS),N/A,PRODUCCIÓN,SFSOFAPP09,N/A,172.29.18.107
SI031,SISTEMA DE INFORMACIÓN OPTIMIZADO PARA LA FORMACIÓN INTEGRAL Y EL APRENDIZAJE ACTIVO (SOFIA PLUS),N/A,PRODUCCIÓN,VSMISENAAPP01,VSMISENAAPP01,172.29.19.68
SI031,SISTEMA DE INFORMACIÓN OPTIMIZADO PARA LA FORMACIÓN INTEGRAL Y EL APRENDIZAJE ACTIVO (SOFIA PLUS),N/A,PRODUCCIÓN,VSPDAPSOFTP01,VSPDAPSOFTP01,172.29.19.240
SI137,SISTEMA DE INTELIGENCIA ORGANIZACIONAL DEL SENA (SIOS),MODTABSENA,PRODUCCIÓN,VSANACOESQL01,VSANACOESQL01,172.29.11.183
SI137,SISTEMA DE INTELIGENCIA ORGANIZACIONAL DEL SENA (SIOS),N/A,PRODUCCIÓN,VSPDBDSIOS01,VSPDBDSIOS01,172.31.4.73
SI137,SISTEMA DE INTELIGENCIA ORGANIZACIONAL DEL SENA (SIOS),DATAWAREHOUSE,PRODUCCIÓN,VSPDBDSIOS02,VSPDBDSIOS02,172.31.4.105
SI091,SISTEMA DE LA DIRECCIÓN DE FORMACIÓN PARA EL TRABAJO (DSNFT),N/A,PREPRODUCCIÓN,VSPPBDDSNFT01,VSPPBDDSNFT01,172.31.4.152
SI091,SISTEMA DE LA DIRECCIÓN DE FORMACIÓN PARA EL TRABAJO (DSNFT),N/A,DESARROLLO,sc0102d2z06,N/A,172.29.10.146
SI022,SISTEMA DE EVALUACIÓN Y CERTIFICACIÓN DE COMPETENCIAS LABORALES (SECCL),N/A,PRODUCCIÓN,sc0102d2z06,N/A,172.29.10.146
SI121,SERVICIO MÉDICO ASISTENCIAL - SPU,N/A,PRODUCCIÓN,sc0102d2z06,N/A,172.29.10.146
SI179,SISTEMA DE INFORMACION DE PERMISOS SINDICALES (SIPS),N/A,PRODUCCIÓN,sc0102d2z06,N/A,172.29.10.146
SI176,SISTEMA DE TRANSFORMACIÓN DIGITAL EN SALUD (TDS),N/A,PREPRODUCCIÓN,VSPPBDSTSAL01,VSPPBDSTSAL01,172.31.4.180
SI176,SISTEMA DE TRANSFORMACIÓN DIGITAL EN SALUD (TDS),N/A,PRODUCCIÓN,VSPDBDSTSAL01,VSPDBDSTSAL01,172.31.4.75
SI031,SISTEMA DE INFORMACIÓN OPTIMIZADO PARA LA FORMACIÓN INTEGRAL Y EL APRENDIZAJE ACTIVO (SOFIA PLUS),N/A,PRODUCCIÓN,SFSOFAPP10,N/A,172.29.18.120
SI151,SISTEMA DE VOTO ELECTRÓNICO,N/A,PREPRODUCCIÓN,VSPPAPVOTA01,VSPPAPVOTA01,172.29.33.156
SI151,SISTEMA DE VOTO ELECTRÓNICO,N/A,PRODUCCIÓN,VSPDAPVOTA01,VSPDAPVOTA01,172.29.52.40
SI151,SISTEMA DE VOTO ELECTRÓNICO,N/A,PRODUCCIÓN,VSPDAPVOTA03,VSPDAPVOTA03,172.29.52.43
SI151,SISTEMA DE VOTO ELECTRÓNICO,N/A,PRODUCCIÓN,VSPDFTPVOT01,VSPDFTPVOT01,172.30.163.36
SI151,SISTEMA DE VOTO ELECTRÓNICO,N/A,PRODUCCIÓN,VSPDAPVOTA04,VSPDAPVOTA04,172.29.52.44
SI031,SISTEMA DE INFORMACIÓN OPTIMIZADO PARA LA FORMACIÓN INTEGRAL Y EL APRENDIZAJE ACTIVO (SOFIA PLUS),N/A,PRODUCCIÓN,SFSOFAPP11,N/A,172.29.18.104
SI031,SISTEMA DE INFORMACIÓN OPTIMIZADO PARA LA FORMACIÓN INTEGRAL Y EL APRENDIZAJE ACTIVO (SOFIA PLUS),N/A,PRODUCCIÓN,SFSOFAPP12,N/A,172.29.18.113
SI031,SISTEMA DE INFORMACIÓN OPTIMIZADO PARA LA FORMACIÓN INTEGRAL Y EL APRENDIZAJE ACTIVO (SOFIA PLUS),N/A,PRODUCCIÓN,SFSOFAUTH01,N/A,172.29.18.101
SI177,SISTEMA EMPRESARIAL DE PROYECTOS (SEP),N/A,PREPRODUCCIÓN,VSPPAPSEP01,VSPPAPSEP01,172.30.164.21
SI177,SISTEMA EMPRESARIAL DE PROYECTOS (SEP),N/A,PRODUCCIÓN,VSPDAPSEP01,VSPDAPSEP01,172.30.163.177
SI177,SISTEMA EMPRESARIAL DE PROYECTOS (SEP),N/A,PRODUCCIÓN,VSPDAPSEP02,VSPDAPSEP02,172.30.163.178
SI016,SISTEMA FINANCIERO INTEGRADO FINANZAS 2000 (SFI),N/A,PRODUCCIÓN,sc0102d2z03,N/A,172.29.10.143
SI015,SISTEMA INTEGRADO DE GESTIÓN DE PROYECTOS (SIGP),N/A,PRODUCCIÓN,sc0102d2z03,N/A,172.29.10.143
SI018,SISTEMA ADMINISTRATIVO ORIONS,N/A,PRODUCCIÓN,sc0102d2z03,N/A,172.29.10.143
SI016,SISTEMA FINANCIERO INTEGRADO FINANZAS 2000 (SFI),N/A,PRODUCCIÓN,VSSFIAPP01,VSSFIAPP01,172.29.18.75
SI016,SISTEMA FINANCIERO INTEGRADO FINANZAS 2000 (SFI),N/A,PRODUCCIÓN,VSSFIAPP02,VSSFIAPP02,172.29.18.76
SI016,SISTEMA FINANCIERO INTEGRADO FINANZAS 2000 (SFI),N/A,PRODUCCIÓN,sc0102d2z01,N/A,172.29.10.131
SI018,SISTEMA ADMINISTRATIVO ORIONS,N/A,PRODUCCIÓN,sc0102d2z01,N/A,172.29.10.131
SI094,SISTEMA FONDO NACIONAL DE VIVIENDA DEL SENA,N/A,PREPRODUCCIÓN,VSPPAPVIVDA01,VSPPAPVIVDA01,172.30.164.75
SI094,SISTEMA FONDO NACIONAL DE VIVIENDA DEL SENA,N/A,PRODUCCIÓN,VSPDAPVIVDA01,VSPDAPVIVDA01,172.30.163.117
SI094,SISTEMA FONDO NACIONAL DE VIVIENDA DEL SENA,N/A,PRODUCCIÓN,VSPDAPVIVDA02,VSPDAPVIVDA02,172.30.163.118
SI094,SISTEMA FONDO NACIONAL DE VIVIENDA DEL SENA,N/A,PRODUCCIÓN,sc01zdbadm11,N/A,172.29.11.243
SI117,SISTEMA DE INFORMACIÓN DE CONTRATISTAS (SIC),N/A,PRODUCCIÓN,sc01zdbadm11,N/A,172.29.11.243
SI155,SISTEMA DE INFORMACIÓN CARGUE Y REPORTE EVALUACIÓN DE DESEMPEÑO (SED),N/A,PRODUCCIÓN,sc01zdbadm11,N/A,172.29.11.243
SI094,SISTEMA FONDO NACIONAL DE VIVIENDA DEL SENA,N/A,PRODUCCIÓN,sc01zdbadm23,N/A,172.29.11.235
SI117,SISTEMA DE INFORMACIÓN DE CONTRATISTAS (SIC),N/A,PRODUCCIÓN,sc01zdbadm23,N/A,172.29.11.235
SI155,SISTEMA DE INFORMACIÓN CARGUE Y REPORTE EVALUACIÓN DE DESEMPEÑO (SED),N/A,PRODUCCIÓN,sc01zdbadm23,N/A,172.29.11.235
SI015,SISTEMA INTEGRADO DE GESTIÓN DE PROYECTOS (SIGP),N/A,PRODUCCIÓN,VSSIGPAPP01,VSSIGPAPP01,172.29.18.73
SI015,SISTEMA INTEGRADO DE GESTIÓN DE PROYECTOS (SIGP),N/A,PRODUCCIÓN,VSSIGPAPP05,VSSIGPAPP05,172.29.18.74
SI016,SISTEMA FINANCIERO INTEGRADO FINANZAS 2000 (SFI),N/A,PRODUCCIÓN,sc0101d2z01,N/A,172.29.10.161
SI015,SISTEMA INTEGRADO DE GESTIÓN DE PROYECTOS (SIGP),N/A,PRODUCCIÓN,sc0101d2z01,N/A,172.29.10.161
SI015,SISTEMA INTEGRADO DE GESTIÓN DE PROYECTOS (SIGP),N/A,PRODUCCIÓN,sc0101d2z03,N/A,172.29.10.36
SI149,SISTEMA NACIONAL DE PRODUCCIÓN DE CENTROS DE FORMACIÓN (SGARC),N/A,PRODUCCIÓN,VSLIQAPP01,VSLIQAPP01,172.29.18.11
SI170,SISTEMA NACIONAL DE PRODUCCIÓN DE CENTROS DE FORMACIÓN-PASARELA DE PAGOS-WOMPI BANCOLOMBIA,N/A,PRODUCCIÓN,VSLIQAPP01,VSLIQAPP01,172.29.18.11
SI031,SISTEMA DE INFORMACIÓN OPTIMIZADO PARA LA FORMACIÓN INTEGRAL Y EL APRENDIZAJE ACTIVO (SOFIA PLUS),N/A,PRODUCCIÓN,sc01zdbadm02,N/A,172.29.10.52
SI031,SISTEMA DE INFORMACIÓN OPTIMIZADO PARA LA FORMACIÓN INTEGRAL Y EL APRENDIZAJE ACTIVO (SOFIA PLUS),N/A,PRODUCCIÓN,sc01zdbadm14,N/A,172.29.10.74
SI031,SISTEMA DE INFORMACIÓN OPTIMIZADO PARA LA FORMACIÓN INTEGRAL Y EL APRENDIZAJE ACTIVO (SOFIA PLUS),N/A,DESARROLLO,sc0101d2z08,N/A,172.29.10.81
SI031,SISTEMA DE INFORMACIÓN OPTIMIZADO PARA LA FORMACIÓN INTEGRAL Y EL APRENDIZAJE ACTIVO (SOFIA PLUS),N/A,PRODUCCIÓN,sc01zdbadm06,N/A,172.29.10.56
SI031,SISTEMA DE INFORMACIÓN OPTIMIZADO PARA LA FORMACIÓN INTEGRAL Y EL APRENDIZAJE ACTIVO (SOFIA PLUS),N/A,PRODUCCIÓN,sc01zdbadm18,N/A,172.29.10.78
SI133,SOFTWARE IDEA-CONTROL INTERNO,N/A,PRODUCCIÓN,VSPDAPIDEA01,VSPDAPIDEA01,172.30.163.229
SI133,SOFTWARE IDEA-CONTROL INTERNO,N/A,PRODUCCIÓN,VMDIGBOGIDEA,VMDIGBOGIDEA,172.16.2.154
SI031,SISTEMA DE INFORMACIÓN OPTIMIZADO PARA LA FORMACIÓN INTEGRAL Y EL APRENDIZAJE ACTIVO (SOFIA PLUS),N/A,PRODUCCIÓN,SFSOFAUTH02,N/A,172.29.18.102
SI031,SISTEMA DE INFORMACIÓN OPTIMIZADO PARA LA FORMACIÓN INTEGRAL Y EL APRENDIZAJE ACTIVO (SOFIA PLUS),N/A,PRODUCCIÓN,SFSOFBDMY01,N/A,172.29.18.110
SI031,SISTEMA DE INFORMACIÓN OPTIMIZADO PARA LA FORMACIÓN INTEGRAL Y EL APRENDIZAJE ACTIVO (SOFIA PLUS),N/A,PRODUCCIÓN,SFSOFBDMY02,N/A,172.29.18.108
SI031,SISTEMA DE INFORMACIÓN OPTIMIZADO PARA LA FORMACIÓN INTEGRAL Y EL APRENDIZAJE ACTIVO (SOFIA PLUS),N/A,PRODUCCIÓN,sfsofbi01,VSSOFBI01,172.29.18.100
SI151,SISTEMA DE VOTO ELECTRÓNICO,N/A,PREPRODUCCIÓN,QAVOTACIONDB,QAVOTACIONDB,172.29.35.78
SI107,SOPORTE Y MANTENIMIENTO DE APLICATIVOS - WIKI,N/A,PREPRODUCCIÓN,VSPPAPWIKI01,VSPPAPWIKI01,172.30.164.122
SI107,SOPORTE Y MANTENIMIENTO DE APLICATIVOS - WIKI,N/A,PRODUCCIÓN,VSPDAPWIKI01,VSPDAPWIKI01,172.30.163.95
SI102,CÓDIGO DE BARRAS - SPU,N/A,PREPRODUCCIÓN,VSPPAPCODIB01,VSPPAPCODIB01,172.30.164.118
SI121,SERVICIO MÉDICO ASISTENCIAL - SPU,N/A,PREPRODUCCIÓN,VSPPAPSPU01,VSPPAPSPU01,172.30.164.32
SI121,SERVICIO MÉDICO ASISTENCIAL - SPU,N/A,PREPRODUCCIÓN,VSPPAPSPU02,VSPPAPSPU02,172.30.164.97
SI121,SERVICIO MÉDICO ASISTENCIAL - SPU,N/A,PRODUCCIÓN,VSPDAPSPU01,VSPDAPSPU01,172.30.163.174
SI121,SERVICIO MÉDICO ASISTENCIAL - SPU,N/A,PRODUCCIÓN,VSPDAPSPU02,VSPDAPSPU02,172.30.163.175
SI151,SISTEMA DE VOTO ELECTRÓNICO,N/A,PRODUCCIÓN,VSVOTACIONDB,VSVOTACIONDB,172.29.10.246
N/A,SYSTEM CENTER COMMUNICATION MANAGER,N/A,PRODUCCIÓN,VSPDBDSCCM01,VSPDBDSCCM01,172.29.52.137
N/A,SYSTEM CENTER CONFIGURATION MANAGER,N/A,PRODUCCIÓN,VSPDAPSCCM01,VSPRDAPSCCM01,172.29.52.136
SI171,SOPORTE DE AMBIENTE VIRTUAL DE APRENDIZAJE (SAVA),N/A,PREPRODUCCIÓN,VSPPAPSAVA01,VSPPAPSAVA01,172.30.164.72
SI171,SOPORTE DE AMBIENTE VIRTUAL DE APRENDIZAJE (SAVA),N/A,PRODUCCIÓN,VSPDAPSAVA01,VSPDAPSAVA01,172.29.18.243
SI171,SOPORTE DE AMBIENTE VIRTUAL DE APRENDIZAJE (SAVA),N/A,PRODUCCIÓN,VSPDBDSAVA02,VSPDBDSAVA02,172.29.10.253
SI171,SOPORTE DE AMBIENTE VIRTUAL DE APRENDIZAJE (SAVA),N/A,PRODUCCIÓN,VSPDBDSAVA01,VSPDBDSAVA01,172.31.4.72
SI121,SERVICIO MÉDICO ASISTENCIAL - SPU,N/A,PRODUCCIÓN,VSPDBDSPU01,VSPDBDSPU01,172.31.4.96
SI031,SISTEMA DE INFORMACIÓN OPTIMIZADO PARA LA FORMACIÓN INTEGRAL Y EL APRENDIZAJE ACTIVO (SOFIA PLUS),N/A,PRODUCCIÓN,sc01zdbadm02,N/A,172.29.10.52
SI031,SISTEMA DE INFORMACIÓN OPTIMIZADO PARA LA FORMACIÓN INTEGRAL Y EL APRENDIZAJE ACTIVO (SOFIA PLUS),N/A,DESARROLLO,sc0101d2z08,N/A,172.29.10.81
SI031,SISTEMA DE INFORMACIÓN OPTIMIZADO PARA LA FORMACIÓN INTEGRAL Y EL APRENDIZAJE ACTIVO (SOFIA PLUS),N/A,PRODUCCIÓN,sc01zdbadm14,N/A,172.29.10.74
SI031,SISTEMA DE INFORMACIÓN OPTIMIZADO PARA LA FORMACIÓN INTEGRAL Y EL APRENDIZAJE ACTIVO (SOFIA PLUS),N/A,PRODUCCIÓN,sc01zdbadm18,N/A,172.29.10.78
N/A,INFRAESTRUCTURA,"SOLARIS: LDOM ZONAS BD (MFINAN2,MGESDOC02, MAPORTES2, MGESDOC22, MSGCNAL2, MSGCCERT2, MINITIAL2)",DRP,sc01dedadm0201,N/A,172.29.10.223
SI034 - 2,AGENCIA PÚBLICA DE EMPLEO (TRANSACCIONAL),TRANSACCIONAL,PRODUCCIÓN,sc0101d2z09,N/A,172.29.18.21
SI172,VISOR BLACKBOARD,N/A,PRODUCCIÓN,PRU-APPSERVBB01,PRU-APPSERVBB01,172.29.35.236
SI172,VISOR BLACKBOARD,N/A,PRODUCCIÓN,pru-appservbb02,PRU-APPSERVBB02,172.29.35.237
SI172,VISOR BLACKBOARD,N/A,PRODUCCIÓN,vsorcldblms01,VSORCLBDLMS01,172.29.35.249
HT009,SENA PLUS,N/A,PRODUCCIÓN,PSPDAPSVIVO01,N/A,172.30.163.202
HT009,SENA PLUS,N/A,PRODUCCIÓN,pspdapsvivo02,N/A,172.30.163.206
N/A,SAGA - Sistema Automatizado de Gestión Académica,N/A,PRODUCCIÓN,VSPDAPSAGA01,VSPDAPSAGA01,172.30.163.234
N/A,SAGA - Sistema Automatizado de Gestión Académica,N/A,PRODUCCIÓN,VSPDBDSAGA01,VSPDBDSAGA01,172.31.4.114
SI186,RETOS,N/A,PRODUCCIÓN,VSPDAPRETOS01,VSPDAPRETOS01,172.30.163.101
SI186,RETOS,N/A,PRODUCCIÓN,VSPDAPRETOS02,VSPDAPRETOS02,172.30.163.102
SI014,SERVICIO MÉDICO ASISTENCIAL (SMA),N/A,PRODUCCIÓN,sc01zdbadm05,N/A,172.29.10.55
SI014,SERVICIO MÉDICO ASISTENCIAL (SMA),N/A,PRODUCCIÓN,sc01zdbadm24,N/A,172.29.11.38
SI186,RETOS,N/A,PRODUCCIÓN,VSPDBDRETOS01,VSPDBDRETOS01,172.31.4.115
SI186,RETOS,N/A,PRODUCCIÓN,VSPDBDRETOS02,VSPDBDRETOS02,172.31.4.116
WS004,REGISTRADURIA SIRC - ANI,N/A,PREPRODUCCIÓN,sc01zfmdlqa01,N/A,172.29.10.160
WS004,REGISTRADURIA SIRC - ANI,N/A,PREPRODUCCIÓN,sc01zfmdlqa02,N/A,172.29.10.213
WS004,REGISTRADURIA SIRC - ANI,N/A,PRODUCCIÓN,sc01zfosbpd01,N/A,172.29.11.48
WS004,REGISTRADURIA SIRC - ANI,N/A,PRODUCCIÓN,sc01zfosbpd02,N/A,172.29.11.49
SI091,SISTEMA DE LA DIRECCIÓN DE FORMACIÓN PARA EL TRABAJO (DSNFT),N/A,PRODUCCIÓN,sc01zdbadm05,N/A,172.29.10.55
SI034 - 1,AGENCIA PÚBLICA DE EMPLEO (PORTAL),N/A,PREPRODUCCIÓN,sc01iod2z11,N/A,172.29.18.253
N/A,TOTEMS,N/A,PRODUCCIÓN,VSPDAPTOTEMS01,VSPDAPTOTEMS01,172.30.163.107
N/A,TOTEMS,N/A,PRODUCCIÓN,VSPDAPTOTEMS02,VSPDAPTOTEMS02,172.30.163.108
N/A,TOTEMS,N/A,PRODUCCIÓN,VSPDBDTOTEMS01,VSPDBDTOTEMS01,172.31.4.117
WS002,MEN_OSB,N/A,PRODUCCIÓN,sc01zfosbpd01,N/A,172.29.11.48
WS002,MEN_OSB,N/A,PRODUCCIÓN,sc01zfosbpd02,N/A,172.29.11.49
WS002,MEN_OSB,N/A,PREPRODUCCIÓN,sc01zfmdlqa01,N/A,172.29.10.160
WS002,MEN_OSB,N/A,PREPRODUCCIÓN,sc01zfmdlqa02,N/A,172.29.10.213
WS001,RUES_OSB,N/A,PREPRODUCCIÓN,sc01zfadmqa01,N/A,172.29.10.130
WS001,RUES_OSB,N/A,PREPRODUCCIÓN,sc01zfdbqa01,N/A,172.29.10.224
WS001,RUES_OSB,N/A,PREPRODUCCIÓN,sc01zfmdlqa01,N/A,172.29.10.160
WS001,RUES_OSB,N/A,PREPRODUCCIÓN,sc01zfmdlqa02,N/A,172.29.10.213
WS001,RUES_OSB,N/A,PREPRODUCCIÓN,sc01zfdbqa02,N/A,172.29.10.228
SI187,PORTAL DE INTEROPERABILIDADES DEL SENA,N/A,PREPRODUCCIÓN,sc01zfmdlqa01,N/A,172.29.10.160
SI187,PORTAL DE INTEROPERABILIDADES DEL SENA,N/A,PREPRODUCCIÓN,sc01zfmdlqa02,N/A,172.29.10.213
N/A,TOTEMS,N/A,PRODUCCIÓN,VSPDBDTOTEMS02,VSPDBDTOTEMS02,172.31.4.118
SI126,CAPACITACIÓN DE SEGURIDAD Y SALUD EN EL TRABAJO (SST),N/A,PREPRODUCCIÓN,sc01zdbadm03,N/A,172.29.10.53
HT015,SEDE ELECTRÓNICA COMPONENTE TRÁMITES,N/A,DESARROLLO,sc01zdbadm10,N/A,172.29.10.59
HT015,SEDE ELECTRÓNICA COMPONENTE TRÁMITES,N/A,PREPRODUCCIÓN,sc01zdbadm10,N/A,172.29.10.59
HT015,SEDE ELECTRÓNICA COMPONENTE TRÁMITES,N/A,DESARROLLO,sc01zdbadm22,N/A,172.29.10.179
HT015,SEDE ELECTRÓNICA COMPONENTE TRÁMITES,N/A,PREPRODUCCIÓN,sc01zdbadm22,N/A,172.29.10.179
SI142,SISTEMA DE INFORMACIÓN DE BIBLIOTECAS - REPOSITORIO INSTITUCIONAL DSPACE,N/A,PRODUCCIÓN,VSPDAPBLDS01,VSPDAPBLDS01,172.29.19.80
SI142,SISTEMA DE INFORMACIÓN DE BIBLIOTECAS - REPOSITORIO INSTITUCIONAL DSPACE,N/A,PRODUCCIÓN,VSPDBDBLDS01,VSPDBDBLDS01,172.31.4.77
SI154,CONVOCATORIAS SENNOVA,N/A,DESARROLLO,VSDEAPCONV01,VSDEAPCONV01,172.30.176.87
SI182,MODELO DE ORIENTACION VOCACIONAL Y OCUPACIONAL (MVO),N/A,PRODUCCIÓN,sc01zdbadm11,N/A,172.29.11.243
SI182,MODELO DE ORIENTACION VOCACIONAL Y OCUPACIONAL (MVO),N/A,PRODUCCIÓN,sc01zdbadm23,N/A,172.29.11.235
SI177,SISTEMA EMPRESARIAL DE PROYECTOS (SEP),N/A,PRODUCCIÓN,sc01zdbadm12,N/A,172.29.11.37
SI154,CONVOCATORIAS SENNOVA,N/A,DESARROLLO,VSDESVCONV01,VSDESVCONV01,172.30.176.88
HT018,PORTAL ANALÍTICA DEL SENA,N/A,DESARROLLO,sc01zdbadm10,N/A,172.29.10.59
HT018,PORTAL ANALÍTICA DEL SENA,N/A,DESARROLLO,sc01zdbadm22,N/A,172.29.10.179
HT018,PORTAL ANALÍTICA DEL SENA,N/A,PREPRODUCCIÓN,VSPPAPDASHB01,VSPPAPDASHB01,172.30.164.28
SI155,SISTEMA DE INFORMACIÓN CARGUE Y REPORTE EVALUACIÓN DE DESEMPEÑO (SED),N/A,PREPRODUCCIÓN,VSPPBDORCL01,VSPPBDORCL01,172.31.4.170
SI130,GESTIONWEB (WEBSUPPORT),N/A,PREPRODUCCIÓN,VSPREBDACONV01,VSPREBDACONV01,172.31.4.138
HT018,PORTAL ANALÍTICA DEL SENA,N/A,PREPRODUCCIÓN,sc01zdbadm10,N/A,172.29.10.59
HT018,PORTAL ANALÍTICA DEL SENA,N/A,PREPRODUCCIÓN,sc01zdbadm22,N/A,172.29.10.179
HT018,PORTAL ANALÍTICA DEL SENA,N/A,PRODUCCIÓN,VSPDAPDASHB01,VSPDAPDASHB01,172.30.163.63
HT018,PORTAL ANALÍTICA DEL SENA,N/A,PRODUCCIÓN,sc01zdbadm10,N/A,172.29.10.59
HT018,PORTAL ANALÍTICA DEL SENA,N/A,PRODUCCIÓN,sc01zdbadm22,N/A,172.29.10.179
SI034 - 1,AGENCIA PÚBLICA DE EMPLEO (PORTAL),HISTORICO APE,PRODUCCIÓN,VSPORTALAPP01,VSPORTALAPP01,172.29.19.230
SI034 - 1,AGENCIA PÚBLICA DE EMPLEO (PORTAL),HISTORICO APE,PRODUCCIÓN,VSPORTALAPP02,VSPORTALAPP02,172.29.19.231
SI034 - 1,AGENCIA PÚBLICA DE EMPLEO (PORTAL),HISTORICO APE,PRODUCCIÓN,VSPORTALAPP03,VSPORTALAPP03,172.29.19.232
SI034 - 1,AGENCIA PÚBLICA DE EMPLEO (PORTAL),HISTORICO APE,PRODUCCIÓN,VSPORTALBUS01,VSPORTALBUS01,172.29.19.233
SI034 - 1,AGENCIA PÚBLICA DE EMPLEO (PORTAL),HISTORICO APE,PRODUCCIÓN,VSPORTALFRONT01,VSPORTALFRONT01,172.29.18.89
SI034 - 1,AGENCIA PÚBLICA DE EMPLEO (PORTAL),HISTORICO APE,PRODUCCIÓN,VSPORTALFRONT02,VSPORTALFRONT02,172.29.18.90
SI034 - 1,AGENCIA PÚBLICA DE EMPLEO (PORTAL),HISTORICO APE,PRODUCCIÓN,VSPORTALFRONT03,VSPORTALFRONT03,172.29.18.48
SI034 - 1,AGENCIA PÚBLICA DE EMPLEO (PORTAL),HISTORICO APE,PRODUCCIÓN,VSPORTALFRONT04,VSPORTALFRONT04,172.29.18.49
SI034 - 1,AGENCIA PÚBLICA DE EMPLEO (PORTAL),HISTORICO APE,PRODUCCIÓN,VSPORTALBD01,VSPORTALBD01,172.29.11.99
SI034 - 1,AGENCIA PÚBLICA DE EMPLEO (PORTAL),HISTORICO APE,PRODUCCIÓN,VSPORTALBD02,VSPORTALBD02,172.29.11.100
WS005,INTERFAZ SERVICIOS DEL BUS DE DATOS OSB,N/A,PREPRODUCCIÓN,sc01zfadmqa01,N/A,172.29.10.130
WS005,INTERFAZ SERVICIOS DEL BUS DE DATOS OSB,N/A,PREPRODUCCIÓN,sc01zfmdlqa01,N/A,172.29.10.160
WS005,INTERFAZ SERVICIOS DEL BUS DE DATOS OSB,N/A,PREPRODUCCIÓN,sc01zfmdlqa02,N/A,172.29.10.213
WS005,INTERFAZ SERVICIOS DEL BUS DE DATOS OSB,N/A,PRODUCCIÓN,sc01zfadmpd01,N/A,172.29.11.41
WS005,INTERFAZ SERVICIOS DEL BUS DE DATOS OSB,N/A,PRODUCCIÓN,sc01zfosbpd01,N/A,172.29.11.48
WS005,INTERFAZ SERVICIOS DEL BUS DE DATOS OSB,N/A,PRODUCCIÓN,sc01zfosbpd02,N/A,172.29.11.49
SI168 ,SENASOFT,N/A,PRODUCCIÓN,VMDIGAPAA01,VMDIGAPAA01,172.16.2.227
HT019,PROCESO PLAN ANTICORRUPCIÓN Y ATENCIÓN AL CIUDADANO PAAC,N/A,DESARROLLO,VSDEAPBIZG01,VSDEAPBIZG01,172.30.176.127
HT019,PROCESO PLAN ANTICORRUPCIÓN Y ATENCIÓN AL CIUDADANO PAAC,N/A,DESARROLLO,VSDEBDBIZG01,VSDEBDBIZG01,172.30.162.161
HT019,PROCESO PLAN ANTICORRUPCIÓN Y ATENCIÓN AL CIUDADANO PAAC,N/A,PREPRODUCCIÓN,VSPPAPBIZG01,VSPPAPBIZG01,172.30.164.146
HT019,PROCESO PLAN ANTICORRUPCIÓN Y ATENCIÓN AL CIUDADANO PAAC,N/A,PREPRODUCCIÓN,VSPPBDBIZG01,VSPPBDBIZG01,172.31.4.177
HT018,PORTAL ANALÍTICA DEL SENA,N/A,PREPRODUCCIÓN,VSPPAPSDCACE01,VSPPAPSDCACE01,172.30.164.143
HT018,PORTAL ANALÍTICA DEL SENA,N/A,PREPRODUCCIÓN,VSPPAPSDCACE02,VSPPAPSDCACE02,172.30.164.144
HT018,PORTAL ANALÍTICA DEL SENA,N/A,PRODUCCIÓN,VSPDAPSDCACE01,VSPDAPSDCACE01,172.30.163.171
HT018,PORTAL ANALÍTICA DEL SENA,N/A,PRODUCCIÓN,VSPDAPSDCACE02,VSPDAPSDCACE02,172.30.163.172
SI010,GESTIÓN DOCUMENTAL ONBASE,N/A,PREPRODUCCIÓN,SC01ZDBADM27,N/A,172.29.21.10
WS006,AUTENTICACION DIGITAL MINTIC,N/A,PRODUCCIÓN,sc01zfosbpd01,N/A,172.29.11.48
WS006,AUTENTICACION DIGITAL MINTIC,N/A,PRODUCCIÓN,sc01zfosbpd02,N/A,172.29.11.49
WS006,AUTENTICACION DIGITAL MINTIC,N/A,PREPRODUCCIÓN,sc01zfmdlqa01,N/A,172.29.10.160
WS006,AUTENTICACION DIGITAL MINTIC,N/A,PREPRODUCCIÓN,sc01zfmdlqa02,N/A,172.29.10.213
SI187,PORTAL DE INTEROPERABILIDADES DEL SENA,N/A,PRODUCCIÓN,sc01zfosbpd01,N/A,172.29.11.48
SI187,PORTAL DE INTEROPERABILIDADES DEL SENA,N/A,PRODUCCIÓN,sc01zfosbpd02,N/A,172.29.11.49
SI187,PORTAL DE INTEROPERABILIDADES DEL SENA,N/A,PRODUCCIÓN,sc01zfwlspd01,N/A,172.29.11.52
SI187,PORTAL DE INTEROPERABILIDADES DEL SENA,N/A,PRODUCCIÓN,sc01zfwlspd02,N/A,172.29.11.53
HT021,MODELOS ANALÍTICOS METAS DE FORMACIÓN,N/A,PRODUCCIÓN,VSPDAPDASHB01,VSPDAPDASHB01,172.30.163.63
HT009,SENA PLUS,N/A,PRODUCCIÓN,VSPDAPSVIVO01,N/A,172.30.163.205
HT009,SENA PLUS,N/A,PRODUCCIÓN,VSPDAPSVIVO02,N/A,172.30.163.203
HT021,MODELOS ANALÍTICOS METAS DE FORMACIÓN,N/A,PREPRODUCCIÓN,VSPPAPDASHB01,VSPPAPDASHB01,172.30.164.28
HT009,SENA PLUS,N/A,PRODUCCIÓN,VSPDBDSVIVO01,N/A,172.30.163.200
HT022,SEGUIMIENTO A PROYECTOS Y PRESUPUESTOS,N/A,DESARROLLO,sc01zdbadm10,N/A,172.29.10.59
HT022,SEGUIMIENTO A PROYECTOS Y PRESUPUESTOS,N/A,DESARROLLO,sc01zdbadm22,N/A,172.29.10.179
HT022,SEGUIMIENTO A PROYECTOS Y PRESUPUESTOS,N/A,PREPRODUCCIÓN,VSPPAPDASHB01,VSPPAPDASHB01,172.30.164.28
HT009,SENA PLUS,N/A,PRODUCCIÓN,VSPDAPSVIVO03,N/A,172.30.163.207
SI148 - 2,"SISTEMA DE INFORMACIÓN DE RECAUDO, CARTERA Y COBRO COACTIVO (SIREC)",N/A,PRODUCCIÓN,vspdapcsir01,VSPDAPCSIR01,172.30.163.37
HT022,SEGUIMIENTO A PROYECTOS Y PRESUPUESTOS,N/A,PREPRODUCCIÓN,sc01zdbadm10,N/A,172.29.10.59
HT022,SEGUIMIENTO A PROYECTOS Y PRESUPUESTOS,N/A,PREPRODUCCIÓN,sc01zdbadm22,N/A,172.29.10.179
SI187,PORTAL DE INTEROPERABILIDADES DEL SENA,N/A,PRODUCCIÓN,VSPDBDGOBDA01,VSPDBDGOBDA01,172.31.4.83
HT021,MODELOS ANALÍTICOS METAS DE FORMACIÓN,N/A,PRODUCCIÓN,VSPDBDGOBDA01,VSPDBDGOBDA01,172.31.4.83
HT022,SEGUIMIENTO A PROYECTOS Y PRESUPUESTOS,N/A,PRODUCCIÓN,VSPDAPDASHB01,VSPDAPDASHB01,172.30.163.63
HT022,SEGUIMIENTO A PROYECTOS Y PRESUPUESTOS,N/A,PRODUCCIÓN,sc01zdbadm10,N/A,172.29.10.59
HT022,SEGUIMIENTO A PROYECTOS Y PRESUPUESTOS,N/A,PRODUCCIÓN,sc01zdbadm22,N/A,172.29.10.179
HT021,MODELOS ANALÍTICOS METAS DE FORMACIÓN,N/A,PREPRODUCCIÓN,VSPPBDORCL01,VSPPBDORCL01,172.31.4.170
HT022,SEGUIMIENTO A PROYECTOS Y PRESUPUESTOS,N/A,PREPRODUCCIÓN,VSPPAPSDCACE01,VSPPAPSDCACE01,172.30.164.143
HT022,SEGUIMIENTO A PROYECTOS Y PRESUPUESTOS,N/A,PREPRODUCCIÓN,VSPPAPSDCACE02,VSPPAPSDCACE02,172.30.164.144
HT022,SEGUIMIENTO A PROYECTOS Y PRESUPUESTOS,N/A,PRODUCCIÓN,VSPDAPSDCACE01,VSPDAPSDCACE01,172.30.163.171
HT022,SEGUIMIENTO A PROYECTOS Y PRESUPUESTOS,N/A,PRODUCCIÓN,VSPDAPSDCACE02,VSPDAPSDCACE02,172.30.163.172
SI092,MICROSOFT CRM - ON PREMISE,N/A,PRODUCCIÓN,VSPDBDOPCRM01,VSPDBDOPCRM01,172.30.154.14
Por Verificar,SEVENET,N/A,PRODUCCIÓN,VSPDAPSVNET01,VSPDAPSVNET01,172.30.163.130
Por Verificar,SEVENET,N/A,PRODUCCIÓN,VSPDBDSVNET01,VSPDBDSVNET01,172.30.154.15
Por verificar,"SISTEMA DE INFORMACIÓN DE RECAUDO, CARTERA Y COBRO COACTIVO (SIREC)",N/A,PRODUCCIÓN,VSPDAPMAIL01,VSPDAPMAIL01,172.30.163.49
Por Verificar,En verificación,N/A,DESARROLLO,qacompromisoap1,QACOMPROMISOAP1,172.29.33.229
SI027,CONTRATACIÓN,N/A,PRODUCCIÓN,VSPDBDCTRTA01,VSPDBDCTRTA01,172.30.154.18
SI010,GESTIÓN DOCUMENTAL ONBASE,N/A,DESARROLLO,SC01ZDBADM27,N/A,172.29.21.10
SI091,SISTEMA DE LA DIRECCIÓN DE FORMACIÓN PARA EL TRABAJO (DSNFT),N/A,PREPRODUCCIÓN,VSPPAPSECCL01,VSPPAPSECCL01,172.30.164.36
SI165,SISTEMA DE ADMINISTRACIÓN DE DATOS MAESTROS (SADAM),INFORMÁTICA MASTER DATA MANAGEMENT MULTIDOMAIN,DESARROLLO,sc01zdbadm22,N/A,172.29.10.179
SI165,SISTEMA DE ADMINISTRACIÓN DE DATOS MAESTROS (SADAM),N/A,DESARROLLO,sc01zdbadm10,N/A,172.29.10.59
SI094,SISTEMA FONDO NACIONAL DE VIVIENDA DEL SENA,N/A,DESARROLLO,sc0102d2z06,N/A,172.29.10.146
SI014,SERVICIO MÉDICO ASISTENCIAL (SMA),N/A,PREPRODUCCIÓN,VSDEBDORCL01,VSDEBDORCL01,172.30.162.153
SI114,PÁGINA MI INVENTARIO,N/A,PRODUCCIÓN,VSORIONSBD11,VSORIONSBD11,172.29.11.25
SI114,PÁGINA MI INVENTARIO,N/A,PRODUCCIÓN,VSORIONSBD12,VSORIONSBD12,172.29.11.26
HT016,INTEROPERABILIDAD SENA CONTRALORÍA,N/A,PRODUCCIÓN,sc01zfadmpd01,N/A,172.29.11.41
SI161,PLAN DE ACCIÓN - WEB OPERATIVA,N/A,DESARROLLO,VSDEBDDSNFT01,VSDEBDDSNFT01,172.29.33.134
SI026,FIRMA DIGITAL_CERTIFICACIONES,N/A,PRODUCCIÓN,sc01zdbadm13,N/A,172.29.21.16
SI026,FIRMA DIGITAL_CERTIFICACIONES,N/A,PRODUCCIÓN,sc01zdbadm25,N/A,172.29.21.17
SI148 - 2,"SISTEMA DE INFORMACIÓN DE RECAUDO, CARTERA Y COBRO COACTIVO (SIREC)",N/A,PRODUCCIÓN,VSSIRECBD01,VSSIRECBD01,172.29.11.14
SI148 - 2,"SISTEMA DE INFORMACIÓN DE RECAUDO, CARTERA Y COBRO COACTIVO (SIREC)",N/A,PRODUCCIÓN,VSSIRECBD02,VSSIRECBD02,172.29.11.15
Por definir,CUALIFICACIONES ,N/A,PRODUCCIÓN,VSPDAPCUALIF01,VSPDAPCUALIF01,172.30.163.156
Por definir,CUALIFICACIONES ,N/A,PRODUCCIÓN,VSPDAPCUALIF02,VSPDAPCUALIF02,172.30.163.157
Por definir,CUALIFICACIONES ,N/A,PRODUCCIÓN,VSPDBDCUALIF01,VSPDBDCUALIF01,172.30.154.22
Por definir,CUALIFICACIONES ,N/A,PRODUCCIÓN,VSPDBDCUALIF02,VSPDBDCUALIF02,172.30.154.23
Por definir,BRECHAS,N/A,PRODUCCIÓN,VSPDAPBRECHAS01,VSPDAPBRECHAS01,172.30.163.158
Por definir,BRECHAS,N/A,PRODUCCIÓN,VSPDAPBRECHAS02,VSPDAPBRECHAS02,172.30.163.159
Por definir,BRECHAS,N/A,PRODUCCIÓN,vspdbdbrechaso1,VSPDBDBRECHAS01,172.30.154.27
SI004,KACTUS,N/A,PREPRODUCCIÓN,sc0102d2z06,N/A,172.29.10.146
SI121,SERVICIO MÉDICO ASISTENCIAL - SPU,N/A,PRODUCCIÓN,VSPDBDSMA01,VSPDBDSMA01,172.30.154.21
SI187,PORTAL DE INTEROPERABILIDADES DEL SENA,N/A,PREPRODUCCIÓN,sc01zdbadm10,N/A,172.29.10.59
SI004,KACTUS,N/A,DESARROLLO,sc01zdbadm26,N/A,172.29.11.39
SI007,SISTEMA DE INFORMACIÓN DE GESTIÓN VIRTUAL DE APRENDICES (SGVA),REPORTES,PRODUCCIÓN,VSPDBDSGVAR01,VSPDBDSGVA01,172.30.154.19
SI007,SISTEMA DE INFORMACIÓN DE GESTIÓN VIRTUAL DE APRENDICES (SGVA),REPORTES,PRODUCCIÓN,VSPDBDSGVAR02,VSPDBDSGVA02,172.30.154.20
HT015,SEDE ELECTRÓNICA COMPONENTE TRÁMITES,N/A,PRODUCCIÓN,sc01zdbadm10,N/A,172.29.10.59
HT015,SEDE ELECTRÓNICA COMPONENTE TRÁMITES,N/A,PREPRODUCCIÓN,VSDEAPSECT01,VSDEAPSECT01,172.30.176.136
SI159,EVALUACIONES EN LÍNEA -ECCL,N/A,PREPRODUCCIÓN,VSPPAPSECCL01,VSPPAPSECCL01,172.30.164.36
SI159,EVALUACIONES EN LÍNEA -ECCL,N/A,PREPRODUCCIÓN,VSPPAPSECCL02,VSPPAPSECCL02,172.30.164.51
SI159,EVALUACIONES EN LÍNEA -ECCL,N/A,PRODUCCIÓN,sc0102d2z06,N/A,172.29.10.146
SI031,SISTEMA DE INFORMACIÓN OPTIMIZADO PARA LA FORMACIÓN INTEGRAL Y EL APRENDIZAJE ACTIVO (SOFIA PLUS),N/A,PRODUCCIÓN,FSDCOSOSOFIA01R1P,N/A,N/A
SI031,SISTEMA DE INFORMACIÓN OPTIMIZADO PARA LA FORMACIÓN INTEGRAL Y EL APRENDIZAJE ACTIVO (SOFIA PLUS),N/A,PRODUCCIÓN,fsdcososofia03r3p,N/A,N/A
SI031,SISTEMA DE INFORMACIÓN OPTIMIZADO PARA LA FORMACIÓN INTEGRAL Y EL APRENDIZAJE ACTIVO (SOFIA PLUS),N/A,PRODUCCIÓN,fsdcososofia04r3p/169.254.180.20,N/A,N/A
SI031,SISTEMA DE INFORMACIÓN OPTIMIZADO PARA LA FORMACIÓN INTEGRAL Y EL APRENDIZAJE ACTIVO (SOFIA PLUS),N/A,PRODUCCIÓN,FSDCOSOSOFIA04R1P,N/A,N/A
SI031,SISTEMA DE INFORMACIÓN OPTIMIZADO PARA LA FORMACIÓN INTEGRAL Y EL APRENDIZAJE ACTIVO (SOFIA PLUS),N/A,PRODUCCIÓN,fsdcososofia05r3p,N/A,N/A
SI031,SISTEMA DE INFORMACIÓN OPTIMIZADO PARA LA FORMACIÓN INTEGRAL Y EL APRENDIZAJE ACTIVO (SOFIA PLUS),N/A,PRODUCCIÓN,FSDCOSOSOFIA06R1P,N/A,N/A
SI031,SISTEMA DE INFORMACIÓN OPTIMIZADO PARA LA FORMACIÓN INTEGRAL Y EL APRENDIZAJE ACTIVO (SOFIA PLUS),N/A,PRODUCCIÓN,FSDCOSOSOFIA03R2P,N/A,N/A
SI031,SISTEMA DE INFORMACIÓN OPTIMIZADO PARA LA FORMACIÓN INTEGRAL Y EL APRENDIZAJE ACTIVO (SOFIA PLUS),N/A,PRODUCCIÓN,FSDCOSOSOFIA07R1P,N/A,N/A
SI031,SISTEMA DE INFORMACIÓN OPTIMIZADO PARA LA FORMACIÓN INTEGRAL Y EL APRENDIZAJE ACTIVO (SOFIA PLUS),N/A,PRODUCCIÓN,FSDCOSOSOFIA07R2P,N/A,N/A
SI031,SISTEMA DE INFORMACIÓN OPTIMIZADO PARA LA FORMACIÓN INTEGRAL Y EL APRENDIZAJE ACTIVO (SOFIA PLUS),N/A,PRODUCCIÓN,fsdcososofia02rp,N/A,N/A
SI031,SISTEMA DE INFORMACIÓN OPTIMIZADO PARA LA FORMACIÓN INTEGRAL Y EL APRENDIZAJE ACTIVO (SOFIA PLUS),N/A,PRODUCCIÓN,FSDCOSOSOFIA01R2P,N/A,N/A
SI031,SISTEMA DE INFORMACIÓN OPTIMIZADO PARA LA FORMACIÓN INTEGRAL Y EL APRENDIZAJE ACTIVO (SOFIA PLUS),N/A,PRODUCCIÓN,FSDCOSOSOFIA02R2,N/A,N/A
SI031,SISTEMA DE INFORMACIÓN OPTIMIZADO PARA LA FORMACIÓN INTEGRAL Y EL APRENDIZAJE ACTIVO (SOFIA PLUS),N/A,PRODUCCIÓN,FSDCOSOSOFIA04R2P,N/A,N/A
SI031,SISTEMA DE INFORMACIÓN OPTIMIZADO PARA LA FORMACIÓN INTEGRAL Y EL APRENDIZAJE ACTIVO (SOFIA PLUS),N/A,PRODUCCIÓN,FSDCOSOSOFIA05R2P,N/A,N/A
SI031,SISTEMA DE INFORMACIÓN OPTIMIZADO PARA LA FORMACIÓN INTEGRAL Y EL APRENDIZAJE ACTIVO (SOFIA PLUS),N/A,PRODUCCIÓN,FSDCOSOSOFIA06R2P,N/A,N/A
SI031,SISTEMA DE INFORMACIÓN OPTIMIZADO PARA LA FORMACIÓN INTEGRAL Y EL APRENDIZAJE ACTIVO (SOFIA PLUS),N/A,PRODUCCIÓN,fsdcososofia01r3p,N/A,N/A
SI031,SISTEMA DE INFORMACIÓN OPTIMIZADO PARA LA FORMACIÓN INTEGRAL Y EL APRENDIZAJE ACTIVO (SOFIA PLUS),N/A,PRODUCCIÓN,fsdcososofia02r3p,N/A,N/A
SI004,KACTUS,N/A,PREPRODUCCIÓN,VSPPRDKACT02,VSPPRDKACT02,172.30.164.33
SI117,SISTEMA DE INFORMACIÓN DE CONTRATISTAS (SIC),N/A,DESARROLLO,VSDEBDSICON01,VSDEBDSICON01,172.30.162.146
SI157,COMUNICA,N/A,PRODUCCIÓN,VSPDBDPECOW01,VSPDBDPECOW01,172.30.154.28
SI059,PERIÓDICO WEB SENA,N/A,PRODUCCIÓN,VSPDBDPECOW01,VSPDBDPECOW01,172.30.154.28
SI173,WORLDSKILLS,N/A,PRODUCCIÓN,VSPDBDPECOW01,VSPDBDPECOW01,172.30.154.28
SI031,SISTEMA DE INFORMACIÓN OPTIMIZADO PARA LA FORMACIÓN INTEGRAL Y EL APRENDIZAJE ACTIVO (SOFIA PLUS),N/A,PRODUCCIÓN,VSPDSOFDEVOPS01,VSPDSOFDEVOPS01,172.29.35.17
SI148 - 2,"SISTEMA DE INFORMACIÓN DE RECAUDO, CARTERA Y COBRO COACTIVO (SIREC)",N/A,PREPRODUCCIÓN,VSPPAPSIREC02,VSPPAPSIREC02,172.30.164.45
SI148 - 2,"SISTEMA DE INFORMACIÓN DE RECAUDO, CARTERA Y COBRO COACTIVO (SIREC)",N/A,PREPRODUCCIÓN,VSPPAPCSIR01,VSPPAPCSIR01,172.30.164.129
SI148 - 2,"SISTEMA DE INFORMACIÓN DE RECAUDO, CARTERA Y COBRO COACTIVO (SIREC)",N/A,PREPRODUCCIÓN,VSPPAPSIREC01,VSPPAPSIREC01,172.30.164.49
Por definir,SISTEMA DE INFORMACIÓN DISCIPLINARIA (SID4),N/A,PRODUCCIÓN,VSPDAPSID401,VSPDAPSID401,172.30.163.153
Por definir,SISTEMA DE INFORMACIÓN DISCIPLINARIA (SID4),N/A,PRODUCCIÓN,VSPDBDSID401,VSPDBDSID401,172.30.154.11
Por definir,SISTEMA DE INFORMACIÓN DISCIPLINARIA (SID4),N/A,PRODUCCIÓN,VSPDBDSID402,VSPDBDSID402,172.30.154.12
SI026,FIRMA DIGITAL_CERTIFICACIONES,N/A,DRP,sc0102d2z09,N/A,172.29.10.145
SI026,FIRMA DIGITAL_CERTIFICACIONES,N/A,DRP,sc0101d2z09,N/A,172.29.10.34
SI022,SISTEMA DE EVALUACIÓN Y CERTIFICACIÓN DE COMPETENCIAS LABORALES (SECCL),N/A,PREPRODUCCIÓN,VSPPAPSECCL02,VSPPAPSECCL02,172.30.164.51
SI007,SISTEMA DE INFORMACIÓN DE GESTIÓN VIRTUAL DE APRENDICES (SGVA),N/A,PRODUCCIÓN,VSPDBDSGVA03,VSPDBDSGVA03,172.30.154.31
SI007,SISTEMA DE INFORMACIÓN DE GESTIÓN VIRTUAL DE APRENDICES (SGVA),N/A,PRODUCCIÓN,VSPDBDSGVA04,VSPDBDSGVA04,172.30.154.32
WS001,RUES_OSB,N/A,PRODUCCIÓN,VSPDAPXROAD01,VSPDAPXROAD01,172.30.163.65
SI021,SISTEMA DE GESTIÓN DE CENTROS (SGC),N/A,PRODUCCIÓN,sc01zdbadm25,N/A,172.29.21.17
SI051,SISTEMA DE INFORMACIÓN DE LA RED TECNOPARQUE,N/A,PRODUCCIÓN,VSPDAPSENNOVA01,VSPDAPSENNOVA01,172.30.163.100
SI051,SISTEMA DE INFORMACIÓN DE LA RED TECNOPARQUE,N/A,PRODUCCIÓN,VSPDBDSENNOVA01,VSPDBDSENNOVA01,172.30.154.37
HT010,SENADATA,N/A,PRODUCCIÓN,VSPDAPDASHB01,VSPDAPDASHB01,172.30.163.63
Por Definir,PLATAFORMA DE SALUD DIGITAL CSS,N/A,PRODUCCIÓN,VSPDBDSTCSS01,VSPDBDSTCSS01,172.30.154.34
SI152,INTRASUITE,N/A,PRODUCCIÓN,VSPDBDISUIT02,VSPDBDISUIT02,172.30.154.38
SI152,INTRASUITE,N/A,PRODUCCIÓN,VSPDBDISUIT03,VSPDBDISUIT03,172.30.154.40
SI151,SISTEMA DE VOTO ELECTRÓNICO,N/A,DESARROLLO,QAVOTACIONDB,QAVOTACIONDB,172.30.162.165
SI008,CORREO INSTITUCIONAL EXCHANGE,N/A,PRODUCCIÓN,VSPDIEXCH1,VSPDIEXCH1,172.30.163.194
SI008,CORREO INSTITUCIONAL EXCHANGE,N/A,PRODUCCIÓN,VSPDIEXCH2,VSPDIEXCH2,172.30.163.195
N/A,INFORMÁTICA ENTERPRISE DATA CATALOG,N/A,DESARROLLO,VSDEAPOEDC01,VSDEAPOEDC01,172.30.176.157
N/A,INFORMÁTICA ENTERPRISE DATA CATALOG,N/A,DESARROLLO,VSDEAPOEDC02,VSDEAPOEDC02,172.30.176.158
N/A,INFORMÁTICA ENTERPRISE DATA CATALOG,N/A,DESARROLLO,VSDEAPOEDC03,VSDEAPOEDC03,172.30.176.159
N/A,INFORMÁTICA ENTERPRISE DATA CATALOG,N/A,DESARROLLO,VSDEAPOEDC04,VSDEAPOEDC04,172.30.176.160
N/A,INFORMÁTICA ENTERPRISE DATA CATALOG,N/A,DESARROLLO,VSDEBDOEDC01,VSDEBDOEDC01,172.30.162.166
SI034 - 2,AGENCIA PÚBLICA DE EMPLEO (TRANSACCIONAL),N/A,PREPRODUCCIÓN,sc0102d2z06,N/A,172.29.10.146
SI034 - 2,AGENCIA PÚBLICA DE EMPLEO (TRANSACCIONAL),N/A,PREPRODUCCIÓN,sc01zdbadm10,N/A,172.29.10.59
SI034 - 2,AGENCIA PÚBLICA DE EMPLEO (TRANSACCIONAL),N/A,DESARROLLO,sc01zdbadm26,N/A,172.29.11.39
SI034 - 2,AGENCIA PÚBLICA DE EMPLEO (TRANSACCIONAL),REPORTES,PRODUCCIÓN,VSPDBDSGVAR01,VSPDBDSGVA01,172.30.154.19
SI034 - 2,AGENCIA PÚBLICA DE EMPLEO (TRANSACCIONAL),REPORTES,PRODUCCIÓN,VSPDBDSGVAR02,VSPDBDSGVA02,172.30.154.20
SI034 - 2,AGENCIA PÚBLICA DE EMPLEO (TRANSACCIONAL),N/A,PRODUCCIÓN,sc01zdbadm10,N/A,172.29.10.59
SI034 - 2,AGENCIA PÚBLICA DE EMPLEO (TRANSACCIONAL),N/A,PREPRODUCCIÓN,VSDEAPSECT01,VSDEAPSECT01,172.30.176.136
SI034 - 2,AGENCIA PÚBLICA DE EMPLEO (TRANSACCIONAL),N/A,PREPRODUCCIÓN,VSPPAPSECCL01,VSPPAPSECCL01,172.30.164.36
SI034 - 2,AGENCIA PÚBLICA DE EMPLEO (TRANSACCIONAL),N/A,PREPRODUCCIÓN,VSPPAPSECCL02,VSPPAPSECCL02,172.30.164.51
SI034 - 2,AGENCIA PÚBLICA DE EMPLEO (TRANSACCIONAL),N/A,PRODUCCIÓN,sc0102d2z06,N/A,172.29.10.146
SI177,SISTEMA EMPRESARIAL DE PROYECTOS (SEP),N/A,PREPRODUCCIÓN,VSPPBDSEP01,VSPPBDSEP01,172.31.4.143
HT001,AD CONNECT O365 ACTIVE DIRECTORY,N/A,PRODUCCIÓN,VSPDADCON01,VSPDADCON01,172.30.163.39
SI094,SISTEMA FONDO NACIONAL DE VIVIENDA DEL SENA,N/A,DESARROLLO,VSDEAPVIVDA01,VSDEAPVIVDA01,172.30.176.117
ST001,BAYAEBOT,N/A,PREPRODUCCIÓN,VSPPAPRPABT01,VSPPAPRPABT01,172.30.164.101
ST001,BAYAEBOT,N/A,PREPRODUCCIÓN,VSPPBDRPABT01,VSPPBDRPABT01,172.31.4.167
ST001,BAYAEBOT,N/A,PREPRODUCCIÓN,VSPPAPRPABT04,VSPPAPRPABT04,172.30.164.104
ST001,BAYAEBOT,N/A,PRODUCCIÓN,VSPDAPRPABT01,VSPDAPRPABT01,172.30.163.103
ST001,BAYAEBOT,N/A,PRODUCCIÓN,VSPDAPRPABT04,VSPDAPRPABT04,172.30.163.106
ST001,BAYAEBOT,N/A,PRODUCCIÓN,VSPDBDRPABT01,VSPDBDRPABT01,172.31.4.76
ST002,EJECUBOT,N/A,PRODUCCIÓN,VSPDAPRPABT01,VSPDAPRPABT01,172.30.163.103
ST002,EJECUBOT,N/A,PREPRODUCCIÓN,VSPPAPRPABT01,VSPPAPRPABT01,172.30.164.101
ST002,EJECUBOT,N/A,PREPRODUCCIÓN,VSPPBDRPABT01,VSPPBDRPABT01,172.31.4.167
ST002,EJECUBOT,N/A,PREPRODUCCIÓN,VSPPAPRPABT03,VSPPAPRPABT03,172.30.164.103
ST002,EJECUBOT,N/A,PRODUCCIÓN,VSPDAPRPABT04,VSPDAPRPABT04,172.30.163.106
ST002,EJECUBOT,N/A,PRODUCCIÓN,VSPDBDRPABT01,VSPDBDRPABT01,172.31.4.76
ST003,HOCENBOT,N/A,PREPRODUCCIÓN,VSPPAPRPABT04,VSPPAPRPABT04,172.30.164.104
ST003,HOCENBOT,N/A,PRODUCCIÓN,VSPDAPRPABT02,VSPDAPRPABT02,172.30.163.104
ST003,HOCENBOT,N/A,PRODUCCIÓN,VSPDAPRPABT04,VSPDAPRPABT04,172.30.163.106
ST003,HOCENBOT,N/A,PREPRODUCCIÓN,VSPPAPRPABT01,VSPPAPRPABT01,172.30.164.101
ST003,HOCENBOT,N/A,PREPRODUCCIÓN,VSPPBDRPABT01,VSPPBDRPABT01,172.31.4.167
ST003,HOCENBOT,N/A,PRODUCCIÓN,VSPDAPRPABT03,VSPDAPRPABT03,172.30.163.105
ST003,HOCENBOT,N/A,PREPRODUCCIÓN,VSPPAPRPABT03,VSPPAPRPABT03,172.30.164.103
ST003,HOCENBOT,N/A,PRODUCCIÓN,VSPDBDRPABT01,VSPDBDRPABT01,172.31.4.76
ST004,INGREBOT,N/A,PRODUCCIÓN,VSPDAPRPABT01,VSPDAPRPABT01,172.30.163.103
ST004,INGREBOT,N/A,PREPRODUCCIÓN,VSPPAPRPABT04,VSPPAPRPABT04,172.30.164.104
ST004,INGREBOT,N/A,PREPRODUCCIÓN,VSPPAPRPABT01,VSPPAPRPABT01,172.30.164.101
ST004,INGREBOT,N/A,PREPRODUCCIÓN,VSPPBDRPABT01,VSPPBDRPABT01,172.31.4.167
ST004,INGREBOT,N/A,PREPRODUCCIÓN,VSPPAPRPABT03,VSPPAPRPABT03,172.30.164.103
ST004,INGREBOT,N/A,PRODUCCIÓN,VSPDBDRPABT01,VSPDBDRPABT01,172.31.4.76
ST005,JUDIBOT,N/A,PREPRODUCCIÓN,VSPPAPRPABT04,VSPPAPRPABT04,172.30.164.104
ST005,JUDIBOT,N/A,PRODUCCIÓN,VSPDAPRPABT02,VSPDAPRPABT02,172.30.163.104
ST005,JUDIBOT,N/A,PRODUCCIÓN,VSPDAPRPABT04,VSPDAPRPABT04,172.30.163.106
ST005,JUDIBOT,N/A,PREPRODUCCIÓN,VSPPAPRPABT01,VSPPAPRPABT01,172.30.164.101
ST005,JUDIBOT,N/A,PREPRODUCCIÓN,VSPPBDRPABT01,VSPPBDRPABT01,172.31.4.167
ST005,JUDIBOT,N/A,PRODUCCIÓN,VSPDAPRPABT03,VSPDAPRPABT03,172.30.163.105
ST005,JUDIBOT,N/A,PREPRODUCCIÓN,VSPPAPRPABT03,VSPPAPRPABT03,172.30.164.103
ST005,JUDIBOT,N/A,PRODUCCIÓN,VSPDBDRPABT01,VSPDBDRPABT01,172.31.4.76
ST006,MODIPBOT,N/A,PREPRODUCCIÓN,VSPPAPRPABT04,VSPPAPRPABT04,172.30.164.104
ST006,MODIPBOT,N/A,PRODUCCIÓN,VSPDAPRPABT02,VSPDAPRPABT02,172.30.163.104
ST006,MODIPBOT,N/A,PRODUCCIÓN,VSPDAPRPABT04,VSPDAPRPABT04,172.30.163.106
ST006,MODIPBOT,N/A,PREPRODUCCIÓN,VSPPAPRPABT01,VSPPAPRPABT01,172.30.164.101
ST006,MODIPBOT,N/A,PREPRODUCCIÓN,VSPPBDRPABT01,VSPPBDRPABT01,172.31.4.167
ST006,MODIPBOT,N/A,PRODUCCIÓN,VSPDAPRPABT03,VSPDAPRPABT03,172.30.163.105
ST006,MODIPBOT,N/A,PREPRODUCCIÓN,VSPPAPRPABT03,VSPPAPRPABT03,172.30.164.103
ST006,MODIPBOT,N/A,PRODUCCIÓN,VSPDBDRPABT01,VSPDBDRPABT01,172.31.4.76
ST007,OLOBOT,N/A,PREPRODUCCIÓN,VSPPAPRPABT01,VSPPAPRPABT01,172.30.164.101
ST007,OLOBOT,N/A,PREPRODUCCIÓN,VSPPBDRPABT01,VSPPBDRPABT01,172.31.4.167
ST007,OLOBOT,N/A,PREPRODUCCIÓN,VSPPAPRPABT03,VSPPAPRPABT03,172.30.164.103
ST007,OLOBOT,N/A,PRODUCCIÓN,VSPDAPRPABT01,VSPDAPRPABT01,172.30.163.103
ST007,OLOBOT,N/A,PRODUCCIÓN,VSPDAPRPABT03,VSPDAPRPABT03,172.30.163.105
ST007,OLOBOT,N/A,PRODUCCIÓN,VSPDBDRPABT01,VSPDBDRPABT01,172.31.4.76
ST008,OPERBOT,N/A,PREPRODUCCIÓN,VSPPAPRPABT04,VSPPAPRPABT04,172.30.164.104
ST008,OPERBOT,N/A,PRODUCCIÓN,VSPDAPRPABT02,VSPDAPRPABT02,172.30.163.104
ST008,OPERBOT,N/A,PRODUCCIÓN,VSPDAPRPABT04,VSPDAPRPABT04,172.30.163.106
ST008,OPERBOT,N/A,PREPRODUCCIÓN,VSPPAPRPABT01,VSPPAPRPABT01,172.30.164.101
ST008,OPERBOT,N/A,PREPRODUCCIÓN,VSPPBDRPABT01,VSPPBDRPABT01,172.31.4.167
ST008,OPERBOT,N/A,PRODUCCIÓN,VSPDAPRPABT03,VSPDAPRPABT03,172.30.163.105
ST008,OPERBOT,N/A,PREPRODUCCIÓN,VSPPAPRPABT03,VSPPAPRPABT03,172.30.164.103
ST008,OPERBOT,N/A,PRODUCCIÓN,VSPDBDRPABT01,VSPDBDRPABT01,172.31.4.76
ST009,PILABOT,N/A,PRODUCCIÓN,VSPDAPRPABT01,VSPDAPRPABT01,172.30.163.103
ST009,PILABOT,N/A,PREPRODUCCIÓN,VSPPAPRPABT04,VSPPAPRPABT04,172.30.164.104
ST009,PILABOT,N/A,PREPRODUCCIÓN,VSPPAPRPABT01,VSPPAPRPABT01,172.30.164.101
ST009,PILABOT,N/A,PREPRODUCCIÓN,VSPPBDRPABT01,VSPPBDRPABT01,172.31.4.167
ST009,PILABOT,N/A,PRODUCCIÓN,VSPDAPRPABT03,VSPDAPRPABT03,172.30.163.105
ST009,PILABOT,N/A,PRODUCCIÓN,VSPDBDRPABT01,VSPDBDRPABT01,172.31.4.76
ST010,PRESBOT,N/A,PREPRODUCCIÓN,VSPPAPRPABT04,VSPPAPRPABT04,172.30.164.104
ST010,PRESBOT,N/A,PRODUCCIÓN,VSPDAPRPABT02,VSPDAPRPABT02,172.30.163.104
ST010,PRESBOT,N/A,PRODUCCIÓN,VSPDAPRPABT04,VSPDAPRPABT04,172.30.163.106
ST010,PRESBOT,N/A,PREPRODUCCIÓN,VSPPAPRPABT01,VSPPAPRPABT01,172.30.164.101
ST010,PRESBOT,N/A,PREPRODUCCIÓN,VSPPBDRPABT01,VSPPBDRPABT01,172.31.4.167
ST010,PRESBOT,N/A,PRODUCCIÓN,VSPDAPRPABT03,VSPDAPRPABT03,172.30.163.105
ST010,PRESBOT,N/A,PREPRODUCCIÓN,VSPPAPRPABT03,VSPPAPRPABT03,172.30.164.103
ST010,PRESBOT,N/A,PRODUCCIÓN,VSPDBDRPABT01,VSPDBDRPABT01,172.31.4.76
SI148 -1,"SISTEMA DE INFORMACIÓN DE RECAUDO, CARTERA Y COBRO COACTIVO (SIREC)",N/A,DESARROLLO,VSDEBDSIREC02,VSDEBDSIREC02,172.30.162.167
SI148,"SISTEMA DE INFORMACIÓN DE RECAUDO, CARTERA Y COBRO COACTIVO (SIREC)",N/A,DESARROLLO,VSDEAPSIREC01,VSDEAPSIREC01,172.30.176.32
SI034 - 2,AGENCIA PÚBLICA DE EMPLEO (TRANSACCIONAL),TRANSACCIONAL,PRODUCCIÓN,VSPDAPAPE01,VSPDAPAPE01,172.30.163.154
